order_id,customer_id,order_date,total_amount
1,408,2024-04-19,445.07
2,246,2024-04-15,200.64
3,447,2024-02-17,421.24
4,408,2024-09-13,354.2
5,132,2024-12-31,397.84
6,147,2024-06-26,272.65
7,339,2024-08-11,393.69
8,158,2024-02-20,268.05
9,447,2024-08-01,110.17
10,31,2024-03-10,62.12
11,325,2024-12-07,363.45
12,487,2025-01-13,174.18
13,304,2024-04-15,449.27
14,463,2024-08-04,253.59
15,390,2024-05-16,256.33
16,101,2024-11-04,274.21
17,198,2024-12-12,454.56
18,114,2024-06-03,284.99
19,100,2024-04-30,493.91
20,29,2024-03-01,267.42
21,393,2024-12-15,234.86
22,105,2024-03-07,239.1
23,277,2024-11-10,64.29
24,184,2024-03-12,96.44
25,40,2024-09-04,259.22
26,301,2024-04-13,129.1
27,356,2024-05-01,475.6
28,82,2024-04-26,470.85
29,1,2024-07-21,376.31
30,349,2024-07-07,312.27
31,92,2024-10-25,422.54
32,282,2024-05-30,231.32
33,207,2024-04-22,176.04
34,213,2024-08-01,53.76
35,265,2024-05-22,392.81
36,315,2024-07-23,191.51
37,386,2024-09-21,191.21
38,18,2024-11-16,220.27
39,119,2024-08-23,255.46
40,8,2024-11-07,260.63
41,405,2024-09-17,341.86
42,434,2025-01-02,145.36
43,140,2024-06-20,230.59
44,315,2024-08-15,73.82
45,200,2024-07-15,356.25
46,338,2024-12-10,50.41
47,64,2024-05-20,397.62
48,189,2024-05-26,282.37
49,384,2024-06-13,449.76
50,30,2024-10-11,484.93
51,166,2024-06-12,178.52
52,441,2024-10-06,135.82
53,458,2024-02-10,412.44
54,94,2024-11-05,464.77
55,270,2024-10-26,181.65
56,365,2024-05-24,144.2
57,321,2024-11-15,345.9
58,319,2025-01-02,344.75
59,390,2024-08-07,437.41
60,449,2024-06-17,460.6
61,382,2024-12-21,121.58
62,334,2024-08-02,154.43
63,451,2024-03-16,329.91
64,141,2024-10-01,121.83
65,13,2024-10-03,264.92
66,102,2024-05-02,317.18
67,245,2024-02-17,226.03
68,221,2024-04-11,294.53
69,363,2024-03-16,372.18
70,179,2024-12-22,354.06
71,12,2024-04-20,209.77
72,191,2024-03-12,263.72
73,469,2024-07-19,120.19
74,24,2024-03-25,347.58
75,159,2024-06-01,341.15
76,295,2024-11-20,74.88
77,425,2024-12-12,80.66
78,168,2024-10-14,217.74
79,265,2024-08-10,373.82
80,149,2024-11-29,30.18
81,109,2024-08-15,146.67
82,490,2024-04-17,24.51
83,75,2024-02-17,254.21
84,387,2024-05-26,54.22
85,114,2024-09-11,274.13
86,51,2024-03-25,420.15
87,467,2024-10-11,85.73
88,427,2024-08-11,452.47
89,361,2024-04-20,315.65
90,15,2024-10-28,373.03
91,208,2024-07-21,135.58
92,316,2024-05-25,356.82
93,72,2024-11-25,262.1
94,358,2024-04-13,233.71
95,282,2024-08-07,185.44
96,245,2024-01-29,95.45
97,140,2024-02-27,399.94
98,456,2024-06-16,410.09
99,127,2024-08-19,196.19
100,478,2024-03-23,322.48
101,259,2025-01-11,64.27
102,483,2024-12-02,335.89
103,45,2024-02-29,101.46
104,68,2024-11-21,159.44
105,66,2024-12-02,277.04
106,348,2024-01-17,177.5
107,257,2025-01-13,383.85
108,473,2024-01-29,206.43
109,243,2024-03-24,333.24
110,248,2024-06-10,479.64
111,174,2024-09-03,348.66
112,266,2024-07-02,242.03
113,370,2024-02-11,251.8
114,257,2024-02-02,84.14
115,132,2024-09-07,394.94
116,486,2024-05-09,454.77
117,195,2024-08-10,309.86
118,53,2024-05-07,220.3
119,312,2024-09-26,483.77
120,110,2024-05-21,463.38
121,216,2024-04-05,322.35
122,430,2024-11-24,93.53
123,252,2024-05-09,70.17
124,217,2024-01-17,12.51
125,144,2024-09-04,200.6
126,13,2024-10-03,216.36
127,38,2024-12-28,370.15
128,135,2024-04-01,391.09
129,120,2024-11-19,360.77
130,218,2024-10-11,458.92
131,491,2024-06-01,279.3
132,315,2024-12-10,485.44
133,330,2024-11-12,237.17
134,121,2024-06-27,63.86
135,90,2024-06-18,15.74
136,41,2024-06-27,469.93
137,329,2024-08-13,465.18
138,195,2024-03-12,456.8
139,437,2024-02-24,487.44
140,420,2024-09-08,117.61
141,236,2024-01-17,349.9
142,81,2024-04-22,297.0
143,440,2024-11-17,203.02
144,75,2024-06-15,378.81
145,331,2024-03-20,193.4
146,291,2024-12-22,263.25
147,278,2024-10-30,116.77
148,11,2024-08-11,364.42
149,209,2024-10-29,216.21
150,234,2024-08-06,427.68
151,147,2024-05-22,449.65
152,4,2024-10-05,484.44
153,421,2024-03-05,265.31
154,176,2024-03-12,346.55
155,158,2024-08-31,446.8
156,342,2024-11-22,468.0
157,435,2024-02-23,433.43
158,130,2024-02-08,172.64
159,280,2024-09-17,143.54
160,175,2024-05-21,436.1
161,63,2024-02-11,477.43
162,184,2024-09-29,411.24
163,175,2024-10-27,477.01
164,125,2024-12-09,319.34
165,124,2024-12-06,398.55
166,494,2024-08-04,106.22
167,35,2024-03-09,486.12
168,212,2024-04-28,65.2
169,413,2024-11-26,178.9
170,288,2024-09-01,423.8
171,336,2024-01-23,341.34
172,234,2024-06-11,439.15
173,461,2024-11-21,280.97
174,497,2024-04-06,144.2
175,435,2024-07-12,190.41
176,102,2024-01-21,441.41
177,64,2024-08-08,413.1
178,101,2024-08-13,369.93
179,493,2024-08-06,282.67
180,211,2024-03-12,402.45
181,427,2024-12-20,395.38
182,119,2024-09-25,287.06
183,353,2024-12-22,226.52
184,493,2024-11-25,159.6
185,431,2024-07-23,171.9
186,215,2024-07-20,35.02
187,99,2024-05-25,30.28
188,466,2024-11-22,217.03
189,253,2024-11-24,40.98
190,60,2025-01-07,83.46
191,1,2024-07-21,142.45
192,83,2024-08-29,369.43
193,144,2024-07-31,298.82
194,299,2024-02-29,193.55
195,393,2024-11-13,79.3
196,193,2024-12-19,102.02
197,433,2025-01-01,79.82
198,60,2024-01-18,321.11
199,389,2024-05-28,236.8
200,477,2024-08-04,257.52
201,463,2024-08-13,451.02
202,40,2024-01-15,196.03
203,361,2024-09-30,41.17
204,157,2024-10-22,24.17
205,392,2024-12-12,438.63
206,154,2024-03-23,191.73
207,111,2024-09-29,112.37
208,181,2024-05-02,357.42
209,148,2024-10-12,96.29
210,161,2024-03-01,126.46
211,160,2024-08-31,318.15
212,294,2024-08-08,78.0
213,473,2024-05-10,342.09
214,401,2024-06-25,497.94
215,172,2024-08-05,176.15
216,158,2024-03-25,242.04
217,295,2024-02-08,463.12
218,135,2024-07-04,38.9
219,300,2024-12-09,50.58
220,324,2024-05-03,433.96
221,13,2024-06-27,166.31
222,162,2024-02-12,363.21
223,18,2024-04-06,140.95
224,133,2024-12-06,283.52
225,394,2024-11-17,363.82
226,23,2024-02-25,319.68
227,209,2024-06-03,318.32
228,107,2024-03-12,73.23
229,238,2024-03-21,327.56
230,237,2024-04-17,126.5
231,414,2024-09-26,487.14
232,114,2024-09-22,462.23
233,490,2024-09-06,272.1
234,388,2024-09-29,364.76
235,344,2024-05-17,286.56
236,301,2024-04-04,315.76
237,48,2024-06-22,154.28
238,308,2024-08-06,180.93
239,113,2024-09-11,478.45
240,32,2024-11-29,424.82
241,79,2024-03-31,35.17
242,62,2024-01-21,123.94
243,421,2025-01-08,299.2
244,84,2024-09-26,396.25
245,470,2024-04-22,217.13
246,235,2024-05-04,128.4
247,98,2024-07-08,422.81
248,63,2024-10-11,179.92
249,15,2024-01-24,59.14
250,301,2024-01-29,10.75
251,372,2024-12-18,389.76
252,11,2024-06-28,260.23
253,109,2024-08-18,111.41
254,42,2024-03-09,172.51
255,281,2024-02-02,102.92
256,166,2024-05-12,105.94
257,63,2024-06-01,436.34
258,3,2024-02-23,106.15
259,474,2025-01-09,398.49
260,336,2024-09-23,358.69
261,183,2024-03-21,15.78
262,334,2024-07-12,37.24
263,265,2024-12-09,303.88
264,69,2024-04-01,336.28
265,183,2024-12-26,25.09
266,235,2024-05-21,459.81
267,180,2024-11-13,194.05
268,199,2024-07-31,261.83
269,153,2024-04-18,414.98
270,420,2024-04-07,23.48
271,185,2024-07-04,243.64
272,474,2024-05-06,285.46
273,286,2024-07-29,413.26
274,36,2024-01-18,12.45
275,198,2024-11-05,18.83
276,180,2024-08-17,422.3
277,291,2024-12-30,231.69
278,441,2024-05-12,187.52
279,73,2024-06-08,230.6
280,113,2024-07-24,191.89
281,280,2024-08-12,230.7
282,289,2024-06-07,155.86
283,122,2024-03-10,13.7
284,203,2024-05-09,183.78
285,146,2024-01-24,62.9
286,45,2024-11-28,79.18
287,413,2024-05-29,20.55
288,153,2024-07-02,202.6
289,335,2024-04-16,169.56
290,262,2024-06-20,308.01
291,283,2024-03-27,445.16
292,140,2024-09-02,446.5
293,55,2024-02-15,373.66
294,252,2024-12-22,267.01
295,264,2024-04-14,254.74
296,352,2024-12-31,51.53
297,54,2024-09-28,396.04
298,456,2024-03-18,63.82
299,114,2024-02-29,340.12
300,301,2024-12-04,26.55
301,276,2024-02-18,79.25
302,88,2024-02-21,62.36
303,116,2024-06-20,185.96
304,450,2024-09-08,210.41
305,96,2024-11-18,10.64
306,390,2024-06-19,160.52
307,378,2024-05-20,375.21
308,419,2024-07-19,244.0
309,364,2025-01-11,169.66
310,361,2024-07-11,361.01
311,443,2024-12-19,239.2
312,7,2024-03-19,54.89
313,35,2024-05-17,111.29
314,52,2024-09-26,435.5
315,448,2024-06-25,138.32
316,272,2024-07-01,278.07
317,19,2024-02-15,131.84
318,344,2024-05-06,264.06
319,466,2024-12-16,137.78
320,419,2024-12-23,18.46
321,219,2024-02-22,267.03
322,289,2024-01-21,392.27
323,11,2024-07-29,47.94
324,465,2024-07-25,441.38
325,301,2024-08-17,133.64
326,150,2024-06-10,375.51
327,56,2024-12-29,174.54
328,465,2024-11-15,16.83
329,250,2024-02-26,391.4
330,442,2024-06-18,301.02
331,252,2024-11-06,237.89
332,18,2024-04-12,157.62
333,202,2024-10-21,114.48
334,357,2025-01-05,103.02
335,467,2024-02-18,358.97
336,324,2024-08-03,428.96
337,144,2024-12-15,37.88
338,461,2024-05-17,345.57
339,14,2024-10-10,45.77
340,436,2024-04-02,317.53
341,226,2024-03-28,162.86
342,175,2024-05-28,382.77
343,372,2024-11-18,395.22
344,258,2024-03-17,422.85
345,499,2024-05-23,493.81
346,337,2024-09-01,422.47
347,125,2024-05-19,451.4
348,27,2024-04-12,432.8
349,209,2024-04-17,355.63
350,359,2024-05-13,406.24
351,249,2024-02-02,473.16
352,434,2024-09-23,247.82
353,391,2024-12-26,41.03
354,66,2024-09-09,322.09
355,176,2024-10-19,415.53
356,260,2024-01-23,402.9
357,385,2024-11-10,395.54
358,414,2024-03-18,180.68
359,321,2024-05-20,267.32
360,369,2024-04-23,78.06
361,415,2024-01-23,488.54
362,387,2024-03-05,23.52
363,92,2024-09-27,233.45
364,91,2024-11-16,282.63
365,175,2024-12-30,184.7
366,461,2024-04-07,327.05
367,284,2024-10-10,283.77
368,116,2024-07-12,69.16
369,359,2024-10-20,382.05
370,131,2024-10-06,491.88
371,462,2024-11-26,176.04
372,392,2025-01-07,474.73
373,451,2024-11-30,248.12
374,293,2024-11-28,246.31
375,484,2024-04-01,222.36
376,88,2024-06-06,387.52
377,431,2024-06-07,21.17
378,94,2024-05-07,207.68
379,117,2024-04-19,93.9
380,287,2024-08-07,112.77
381,87,2024-07-10,463.93
382,140,2024-09-21,462.83
383,182,2024-03-25,31.49
384,282,2024-02-05,249.11
385,395,2024-01-16,405.14
386,308,2024-02-05,13.33
387,320,2024-12-14,488.37
388,184,2024-09-20,385.64
389,269,2024-03-25,381.87
390,74,2024-01-15,33.32
391,56,2024-03-09,406.1
392,367,2024-03-10,51.48
393,499,2024-12-01,122.95
394,293,2024-08-13,120.34
395,194,2024-06-27,360.47
396,459,2024-08-23,464.91
397,84,2024-03-08,452.32
398,499,2024-11-20,469.47
399,293,2024-03-23,151.86
400,31,2024-11-09,293.78
401,356,2024-08-06,17.85
402,71,2024-03-27,238.58
403,308,2024-10-08,17.56
404,386,2024-04-12,134.97
405,479,2024-05-06,214.23
406,274,2024-11-13,236.87
407,481,2024-02-14,75.98
408,75,2024-11-22,239.85
409,402,2024-02-26,147.48
410,62,2024-05-18,298.67
411,305,2024-01-22,266.09
412,148,2025-01-02,124.49
413,383,2024-11-29,333.79
414,290,2025-01-01,351.18
415,499,2024-07-16,163.99
416,140,2024-09-26,447.82
417,316,2024-10-14,48.75
418,353,2024-09-24,406.19
419,483,2024-08-02,82.09
420,188,2024-12-15,172.73
421,169,2024-03-11,171.68
422,239,2024-07-25,490.89
423,422,2024-07-27,370.52
424,191,2024-10-06,270.3
425,5,2024-09-02,146.19
426,15,2025-01-13,180.48
427,103,2024-08-16,274.19
428,429,2024-07-22,292.51
429,366,2024-04-28,283.82
430,11,2024-06-23,467.76
431,338,2024-08-04,61.4
432,441,2024-02-08,362.99
433,369,2024-11-20,104.37
434,402,2024-12-19,19.5
435,28,2024-12-10,47.17
436,263,2024-11-15,205.68
437,141,2024-04-20,212.86
438,293,2024-12-23,127.23
439,465,2024-12-31,208.4
440,73,2024-04-26,283.69
441,61,2024-03-22,28.36
442,48,2024-07-24,320.99
443,173,2024-10-01,132.0
444,436,2024-03-18,160.13
445,378,2024-02-12,277.27
446,410,2024-05-31,229.94
447,409,2024-01-20,203.33
448,482,2024-05-21,192.44
449,363,2024-06-05,293.17
450,141,2024-03-11,455.8
451,228,2024-08-16,151.99
452,37,2024-03-18,145.01
453,273,2024-03-23,222.32
454,474,2024-07-01,497.54
455,120,2025-01-10,282.14
456,120,2024-03-29,133.83
457,255,2024-07-10,30.0
458,259,2024-05-30,388.73
459,353,2024-10-26,394.49
460,281,2024-12-12,475.42
461,344,2024-02-19,158.0
462,331,2024-03-04,134.46
463,129,2024-09-25,29.72
464,29,2024-07-02,388.86
465,350,2025-01-09,252.0
466,257,2024-08-25,205.44
467,406,2024-08-28,350.57
468,407,2024-04-07,235.74
469,58,2024-02-06,355.42
470,37,2024-01-30,437.31
471,408,2024-08-31,37.56
472,26,2024-10-16,474.57
473,344,2024-12-21,440.59
474,429,2025-01-13,316.85
475,136,2024-05-22,338.89
476,153,2024-11-13,323.8
477,407,2024-12-28,492.87
478,463,2024-09-23,251.18
479,154,2024-04-21,488.36
480,245,2024-06-26,94.12
481,328,2024-12-07,200.6
482,134,2025-01-10,198.85
483,394,2024-05-03,71.38
484,108,2024-05-03,150.95
485,217,2024-12-19,314.62
486,182,2024-12-29,58.32
487,224,2024-05-10,237.93
488,202,2024-06-05,397.85
489,393,2024-10-14,353.19
490,21,2024-10-07,476.08
491,345,2024-02-22,346.4
492,357,2024-07-03,16.99
493,56,2024-10-27,221.84
494,43,2024-05-14,241.17
495,142,2024-04-24,305.7
496,339,2024-12-11,98.93
497,359,2024-12-24,110.93
498,414,2024-02-27,283.39
499,478,2024-08-18,324.07
500,443,2024-08-08,321.8
501,213,2024-08-01,481.58
502,49,2024-12-15,81.03
503,254,2024-05-10,465.96
504,211,2024-12-09,260.06
505,366,2024-04-11,340.09
506,483,2024-11-07,369.84
507,169,2024-10-13,180.11
508,330,2024-12-13,356.71
509,104,2024-09-28,66.95
510,423,2024-10-18,382.3
511,167,2024-04-01,222.81
512,386,2024-11-10,438.2
513,128,2024-03-12,48.87
514,337,2024-08-04,491.25
515,363,2024-03-05,140.87
516,357,2024-05-31,305.79
517,330,2024-03-12,55.15
518,55,2024-07-14,94.9
519,134,2025-01-08,214.06
520,460,2024-05-12,283.69
521,63,2024-08-09,494.41
522,480,2024-12-06,235.95
523,348,2024-03-09,484.87
524,206,2024-10-06,238.58
525,231,2024-12-04,253.4
526,248,2024-06-13,349.69
527,272,2024-08-04,102.34
528,67,2024-06-28,205.21
529,103,2024-06-13,362.56
530,218,2024-03-07,107.99
531,372,2024-08-22,100.69
532,67,2024-05-16,470.84
533,321,2024-11-25,444.26
534,188,2024-04-12,283.95
535,404,2024-01-25,338.91
536,4,2024-08-30,458.93
537,475,2024-06-29,148.97
538,157,2024-06-13,319.73
539,211,2024-09-11,118.05
540,18,2024-11-17,465.59
541,284,2025-01-06,351.67
542,247,2024-09-01,382.83
543,221,2024-10-20,73.88
544,264,2024-08-24,108.01
545,118,2024-07-27,104.81
546,100,2024-03-23,495.29
547,307,2024-09-17,35.05
548,217,2024-04-18,283.17
549,368,2024-10-14,177.77
550,370,2024-07-26,104.49
551,4,2024-09-12,441.47
552,241,2024-11-08,196.2
553,317,2024-02-24,382.73
554,427,2024-11-04,441.66
555,22,2024-09-29,84.46
556,77,2024-04-27,73.53
557,374,2024-02-19,133.57
558,152,2024-10-21,301.7
559,482,2024-03-10,391.67
560,35,2024-06-24,144.81
561,48,2024-04-25,123.16
562,158,2024-04-01,118.17
563,68,2024-09-21,277.12
564,36,2024-07-18,116.31
565,469,2024-05-21,167.59
566,261,2024-09-29,282.31
567,495,2024-01-20,106.55
568,333,2024-06-03,337.69
569,287,2024-07-01,454.4
570,111,2025-01-07,183.43
571,208,2024-11-15,237.63
572,165,2024-07-03,167.96
573,112,2024-06-22,255.63
574,347,2024-02-04,328.09
575,179,2024-10-30,117.37
576,172,2024-02-24,274.12
577,55,2024-09-05,67.36
578,335,2024-12-31,113.65
579,42,2024-09-03,145.29
580,197,2024-10-07,145.75
581,488,2024-02-12,245.47
582,304,2024-11-07,26.41
583,85,2024-03-28,367.81
584,358,2024-02-03,313.83
585,138,2024-03-13,426.97
586,412,2024-03-09,456.89
587,494,2024-06-23,480.18
588,468,2024-08-03,395.02
589,295,2024-01-18,74.63
590,323,2024-05-21,203.69
591,231,2024-07-14,254.7
592,283,2024-10-23,118.21
593,305,2025-01-12,366.62
594,266,2024-12-07,327.15
595,40,2024-01-28,284.99
596,387,2024-06-10,52.92
597,31,2024-04-30,407.16
598,105,2024-02-02,101.55
599,266,2024-12-30,17.08
600,397,2024-08-29,380.11
601,262,2024-07-07,122.62
602,478,2024-02-12,390.91
603,368,2024-12-23,359.65
604,240,2025-01-03,268.57
605,97,2024-07-23,265.74
606,306,2024-08-25,361.82
607,437,2024-11-27,289.0
608,106,2024-10-02,488.94
609,362,2024-06-05,253.21
610,196,2024-02-09,132.86
611,349,2024-09-24,126.04
612,346,2024-04-09,118.02
613,193,2025-01-13,224.2
614,201,2024-10-19,395.82
615,285,2024-03-11,226.99
616,251,2024-11-10,309.04
617,284,2024-12-07,295.44
618,326,2024-06-13,186.67
619,329,2024-11-03,68.53
620,300,2024-10-06,347.39
621,130,2024-07-04,135.26
622,114,2024-01-24,302.08
623,6,2024-06-05,45.96
624,10,2025-01-06,448.35
625,157,2024-11-28,476.74
626,225,2024-08-29,78.46
627,410,2024-09-11,408.86
628,391,2024-04-13,303.49
629,311,2024-06-14,257.5
630,467,2024-05-30,331.7
631,215,2024-02-01,174.21
632,16,2024-12-19,80.28
633,470,2024-08-24,430.3
634,291,2024-12-08,308.87
635,213,2025-01-01,487.46
636,372,2024-03-25,489.35
637,160,2024-10-10,317.77
638,28,2024-08-12,389.53
639,123,2024-06-21,246.23
640,137,2024-10-11,181.62
641,295,2024-09-15,465.41
642,14,2024-03-01,264.33
643,199,2024-02-15,451.43
644,266,2024-12-01,71.37
645,215,2024-02-08,103.6
646,208,2024-07-12,93.02
647,321,2024-07-20,238.86
648,248,2024-02-20,193.7
649,257,2024-07-27,48.54
650,356,2024-08-18,455.83
651,446,2024-11-13,98.84
652,281,2024-11-21,112.44
653,450,2024-10-18,417.87
654,227,2024-04-19,160.99
655,168,2024-08-02,179.41
656,203,2024-11-07,88.37
657,359,2024-07-17,490.13
658,292,2024-02-23,387.4
659,331,2024-09-01,374.47
660,413,2024-08-15,424.76
661,196,2024-09-11,56.72
662,378,2025-01-11,285.79
663,156,2024-04-19,482.63
664,363,2024-10-30,51.85
665,321,2024-10-18,197.64
666,132,2025-01-05,195.84
667,465,2024-05-03,410.12
668,386,2024-06-09,424.23
669,348,2024-12-14,479.12
670,349,2024-06-19,127.32
671,321,2024-08-28,437.85
672,419,2024-01-30,255.07
673,121,2024-06-10,254.98
674,224,2024-12-23,188.51
675,21,2024-05-01,42.26
676,43,2024-03-11,165.01
677,227,2024-07-21,153.84
678,361,2024-11-01,222.01
679,399,2024-06-15,334.43
680,140,2024-08-12,430.08
681,137,2024-07-17,122.31
682,331,2024-03-18,279.51
683,5,2024-05-25,195.89
684,265,2024-02-04,341.52
685,40,2024-09-23,48.92
686,385,2024-02-10,472.57
687,20,2024-09-05,72.13
688,114,2024-07-15,16.59
689,474,2024-12-12,17.66
690,324,2024-04-09,261.27
691,181,2024-07-15,167.37
692,405,2024-09-05,339.8
693,387,2024-11-20,252.87
694,60,2024-09-13,379.23
695,386,2024-01-25,11.65
696,244,2024-06-01,347.78
697,9,2024-10-10,166.05
698,314,2024-07-09,94.24
699,193,2024-04-11,276.07
700,236,2024-08-02,358.74
701,246,2024-11-07,406.19
702,122,2024-11-04,399.7
703,414,2024-06-04,216.35
704,292,2024-05-05,343.46
705,55,2024-05-20,333.97
706,289,2024-06-21,380.09
707,384,2024-04-27,456.87
708,200,2024-11-16,393.12
709,435,2024-06-27,248.56
710,407,2024-07-17,454.41
711,201,2024-03-10,321.75
712,453,2024-12-15,480.57
713,280,2024-03-02,119.48
714,450,2024-12-09,284.92
715,104,2024-02-13,200.3
716,337,2024-10-03,448.15
717,432,2024-06-03,428.13
718,413,2024-11-11,462.98
719,191,2024-02-01,370.44
720,268,2024-01-21,406.02
721,67,2025-01-06,203.03
722,28,2024-03-12,259.11
723,110,2024-12-26,83.47
724,382,2024-04-03,147.04
725,158,2024-06-12,178.99
726,225,2025-01-07,136.03
727,418,2024-05-22,453.1
728,401,2024-03-31,13.81
729,285,2024-10-14,77.31
730,484,2024-04-05,161.2
731,165,2024-11-29,294.36
732,399,2024-07-21,437.79
733,98,2024-09-06,339.38
734,13,2024-04-18,384.78
735,119,2024-02-14,401.27
736,97,2024-05-15,231.75
737,163,2024-03-27,186.33
738,200,2024-04-30,145.46
739,255,2024-09-04,27.97
740,68,2024-06-07,493.6
741,494,2024-06-09,98.09
742,151,2024-09-29,136.88
743,229,2024-12-17,275.87
744,458,2024-03-16,293.1
745,281,2024-08-24,459.27
746,475,2024-01-26,499.63
747,396,2024-09-07,484.24
748,142,2025-01-01,93.59
749,437,2024-09-20,482.14
750,218,2025-01-03,388.23
751,38,2024-02-25,482.88
752,70,2024-05-17,306.59
753,478,2024-10-23,166.18
754,164,2024-11-05,272.91
755,2,2024-08-23,445.92
756,115,2024-09-17,120.52
757,4,2024-04-06,443.56
758,54,2024-06-24,90.76
759,489,2024-09-17,182.71
760,84,2024-10-09,464.76
761,25,2024-02-27,236.66
762,112,2024-05-30,307.94
763,498,2024-03-30,117.13
764,116,2024-05-16,417.23
765,370,2024-04-09,431.11
766,405,2024-04-15,63.55
767,397,2024-06-05,35.07
768,46,2024-10-31,109.26
769,17,2024-07-15,264.57
770,478,2024-11-04,133.39
771,261,2024-10-24,463.07
772,76,2024-05-24,22.31
773,273,2024-11-02,343.97
774,390,2024-11-14,79.85
775,318,2024-12-11,345.56
776,223,2024-09-20,446.62
777,139,2024-09-21,149.88
778,1,2025-01-12,193.39
779,207,2024-07-05,17.93
780,181,2024-08-03,381.02
781,314,2024-06-04,370.32
782,214,2024-10-21,13.82
783,460,2024-10-21,53.18
784,409,2024-05-26,494.17
785,458,2024-04-17,168.38
786,156,2024-11-02,462.43
787,224,2024-04-22,108.03
788,403,2024-08-08,35.88
789,450,2024-01-28,251.49
790,74,2024-08-03,494.75
791,119,2024-11-30,487.84
792,117,2024-11-16,367.41
793,111,2024-04-04,304.91
794,477,2024-07-18,20.31
795,251,2024-08-18,171.18
796,61,2024-08-31,90.84
797,409,2024-09-16,95.84
798,157,2024-12-26,255.59
799,290,2024-09-01,447.3
800,282,2024-04-28,135.17
801,213,2024-03-29,234.69
802,313,2024-07-22,452.6
803,219,2024-07-18,462.77
804,16,2024-07-24,38.93
805,365,2024-04-03,397.22
806,190,2024-07-12,103.26
807,430,2024-09-21,177.05
808,104,2024-12-17,46.48
809,135,2024-10-26,321.45
810,316,2024-03-09,421.54
811,132,2024-12-22,56.13
812,114,2024-04-15,70.82
813,416,2024-02-27,292.92
814,395,2024-12-15,238.66
815,400,2024-12-04,357.91
816,28,2024-09-13,112.33
817,361,2024-02-24,468.74
818,395,2024-08-27,243.48
819,111,2024-08-28,159.33
820,388,2024-05-25,49.59
821,498,2024-05-09,237.75
822,379,2024-01-16,454.39
823,444,2024-10-16,261.53
824,32,2024-09-11,228.07
825,253,2024-03-02,304.12
826,142,2024-11-06,416.16
827,404,2024-01-22,470.67
828,336,2025-01-07,200.76
829,313,2024-12-15,94.49
830,125,2024-03-12,246.14
831,413,2024-07-23,333.65
832,60,2024-10-12,253.71
833,88,2024-11-22,447.07
834,151,2024-12-09,279.04
835,459,2024-11-02,197.97
836,492,2024-10-17,21.17
837,102,2024-12-16,497.44
838,238,2024-12-19,273.56
839,218,2024-12-10,311.63
840,224,2024-07-22,240.59
841,95,2024-05-22,452.44
842,193,2024-07-22,158.38
843,284,2024-10-14,308.04
844,316,2024-09-24,267.21
845,414,2024-02-12,83.31
846,309,2024-09-17,300.78
847,94,2024-09-23,48.49
848,143,2024-08-26,25.26
849,308,2024-11-20,455.92
850,313,2024-10-21,173.94
851,18,2024-08-07,25.45
852,260,2024-02-05,284.95
853,401,2024-05-24,318.31
854,300,2024-10-01,282.64
855,133,2024-08-20,339.2
856,447,2024-08-20,369.99
857,465,2024-06-04,67.78
858,150,2024-02-07,206.83
859,107,2024-04-01,64.4
860,156,2024-04-04,411.07
861,206,2024-07-02,398.36
862,167,2024-09-21,164.43
863,56,2024-03-03,294.35
864,447,2024-03-20,217.3
865,411,2024-11-18,477.91
866,313,2024-03-24,85.83
867,131,2024-05-26,77.87
868,167,2024-09-19,459.95
869,40,2024-04-06,390.08
870,477,2024-11-20,116.06
871,253,2024-01-15,475.47
872,319,2024-07-13,72.19
873,403,2024-02-27,223.19
874,354,2024-09-12,153.1
875,198,2024-08-29,148.41
876,213,2024-05-06,94.14
877,215,2024-11-23,349.63
878,450,2024-05-20,262.0
879,118,2024-02-11,152.67
880,330,2024-10-27,47.09
881,43,2024-11-08,261.92
882,107,2024-05-19,127.88
883,228,2024-02-26,483.03
884,90,2024-02-02,22.21
885,392,2024-12-24,301.28
886,402,2024-07-05,50.29
887,125,2024-07-22,324.2
888,44,2024-10-22,27.93
889,462,2024-07-17,307.91
890,391,2024-03-22,88.13
891,232,2024-12-13,32.03
892,441,2024-10-06,249.7
893,401,2024-11-01,369.99
894,70,2024-11-07,163.23
895,445,2024-10-21,495.01
896,448,2024-02-11,462.16
897,167,2024-06-18,186.39
898,161,2024-12-14,149.86
899,424,2024-01-31,446.03
900,96,2024-10-21,481.75
901,135,2025-01-05,107.87
902,429,2024-10-21,381.34
903,455,2024-06-13,335.05
904,327,2024-03-07,287.09
905,80,2024-01-18,405.81
906,295,2024-12-08,257.3
907,361,2024-11-02,473.97
908,55,2024-09-12,291.55
909,218,2024-12-21,192.22
910,10,2024-05-15,57.42
911,357,2024-11-13,22.35
912,184,2025-01-12,77.96
913,22,2024-11-26,480.06
914,289,2024-11-12,465.59
915,194,2024-08-12,18.34
916,122,2024-07-17,324.02
917,83,2024-03-15,82.7
918,414,2024-05-27,419.99
919,100,2024-12-18,489.62
920,146,2024-06-10,317.22
921,259,2024-03-26,98.41
922,383,2024-10-18,397.04
923,480,2024-12-27,297.2
924,410,2024-07-20,56.57
925,3,2024-06-30,114.32
926,108,2024-04-03,347.41
927,5,2024-09-06,394.14
928,405,2024-12-13,82.73
929,63,2024-09-14,372.6
930,246,2024-10-18,381.16
931,242,2024-09-13,153.26
932,14,2024-12-22,241.41
933,217,2024-10-02,175.74
934,481,2024-05-26,71.67
935,383,2024-11-04,93.23
936,471,2024-08-17,249.52
937,33,2024-03-07,146.64
938,99,2024-12-07,128.37
939,413,2024-05-03,101.51
940,216,2024-06-22,442.86
941,251,2024-10-22,186.66
942,303,2024-11-27,288.12
943,173,2024-04-02,277.02
944,455,2024-11-17,124.01
945,325,2024-08-17,490.4
946,24,2024-11-21,392.72
947,33,2024-03-22,19.77
948,326,2024-01-27,37.13
949,238,2024-10-02,435.95
950,228,2024-02-27,269.9
951,219,2024-03-30,358.77
952,344,2024-12-31,430.9
953,248,2024-05-13,456.99
954,155,2024-04-27,118.77
955,355,2024-06-30,87.41
956,24,2024-10-14,104.52
957,56,2024-06-25,122.12
958,10,2024-08-17,264.21
959,266,2024-06-19,119.42
960,134,2024-09-07,490.09
961,306,2024-07-30,463.24
962,329,2024-12-02,193.72
963,169,2024-10-13,417.35
964,268,2024-08-28,348.63
965,24,2024-02-05,374.95
966,315,2024-12-19,354.29
967,372,2024-08-03,417.81
968,358,2024-04-27,92.06
969,481,2024-11-18,392.17
970,365,2024-02-10,348.94
971,246,2024-09-17,344.07
972,390,2024-10-21,69.92
973,243,2024-08-03,394.16
974,420,2024-08-11,277.09
975,193,2024-04-07,76.39
976,393,2024-02-08,490.14
977,137,2024-10-23,415.68
978,1,2024-12-28,263.63
979,109,2024-11-08,85.07
980,176,2024-02-27,376.31
981,302,2024-11-01,110.42
982,384,2024-07-05,11.27
983,122,2024-03-07,430.19
984,401,2024-12-21,201.04
985,86,2024-01-24,59.78
986,325,2024-11-04,379.66
987,160,2024-12-31,367.98
988,488,2024-07-30,396.11
989,285,2024-03-14,332.58
990,392,2024-03-15,351.19
991,445,2024-10-08,382.05
992,133,2024-07-27,176.26
993,459,2024-08-12,448.0
994,270,2024-03-28,428.97
995,80,2024-05-24,178.08
996,156,2024-04-06,222.18
997,123,2024-10-30,207.26
998,428,2024-11-28,116.82
999,480,2024-05-23,64.31
1000,245,2025-01-06,215.53
1001,258,2025-01-01,161.96
1002,149,2024-10-15,319.52
1003,207,2024-07-18,433.22
1004,383,2024-07-23,430.0
1005,112,2024-09-17,14.67
1006,44,2024-11-13,460.3
1007,13,2024-09-04,294.13
1008,133,2024-10-05,269.32
1009,351,2024-10-30,338.66
1010,62,2024-10-11,299.5
1011,98,2024-05-25,277.35
1012,227,2024-05-15,250.96
1013,328,2024-11-08,10.05
1014,60,2024-07-02,263.64
1015,336,2024-08-29,485.52
1016,465,2024-07-12,12.54
1017,290,2024-10-03,129.67
1018,206,2024-03-03,444.9
1019,143,2024-04-15,150.48
1020,93,2024-11-04,245.89
1021,295,2024-12-28,214.16
1022,99,2024-06-10,284.87
1023,106,2024-03-22,188.72
1024,31,2024-02-07,91.57
1025,399,2024-12-27,25.54
1026,353,2024-08-08,75.15
1027,119,2024-07-25,376.4
1028,249,2024-04-01,424.55
1029,316,2024-06-22,192.6
1030,430,2024-10-25,140.79
1031,316,2024-09-19,463.9
1032,112,2024-07-02,112.55
1033,348,2024-02-26,418.69
1034,221,2024-08-05,423.57
1035,456,2024-06-23,390.27
1036,427,2025-01-12,346.15
1037,346,2024-03-05,234.85
1038,241,2024-03-24,308.25
1039,338,2024-04-09,151.97
1040,485,2024-04-07,59.73
1041,391,2024-01-17,25.55
1042,414,2024-05-06,294.88
1043,242,2024-08-28,417.5
1044,153,2024-04-14,10.64
1045,353,2024-05-24,262.73
1046,161,2024-08-07,476.16
1047,388,2024-01-26,457.08
1048,224,2024-12-17,287.16
1049,471,2024-06-22,458.81
1050,175,2024-06-26,84.52
1051,34,2024-03-25,11.35
1052,217,2024-06-23,210.19
1053,171,2024-04-28,277.71
1054,256,2024-06-04,255.97
1055,135,2024-11-07,239.51
1056,349,2024-11-24,137.24
1057,348,2024-12-12,335.22
1058,226,2024-04-17,333.11
1059,460,2025-01-11,274.73
1060,355,2024-07-02,98.35
1061,120,2024-07-01,83.28
1062,308,2024-11-19,357.29
1063,156,2024-12-29,173.23
1064,102,2024-06-30,404.77
1065,357,2024-11-05,391.17
1066,462,2024-06-16,499.55
1067,224,2024-11-17,72.85
1068,166,2024-07-14,125.01
1069,27,2024-03-12,102.35
1070,351,2024-10-25,340.81
1071,184,2025-01-13,358.62
1072,128,2024-11-06,91.37
1073,78,2024-02-12,369.06
1074,394,2024-03-03,246.04
1075,12,2024-10-25,438.01
1076,350,2024-03-04,145.11
1077,25,2024-05-22,219.17
1078,449,2024-07-24,499.05
1079,148,2024-04-06,80.82
1080,216,2024-12-15,240.64
1081,279,2024-10-01,303.51
1082,349,2024-07-24,478.63
1083,228,2024-09-07,176.6
1084,381,2024-12-09,251.03
1085,209,2024-12-25,103.88
1086,268,2024-03-24,246.14
1087,192,2024-08-19,12.91
1088,344,2024-06-16,152.7
1089,481,2024-11-14,255.92
1090,438,2024-09-08,429.27
1091,13,2024-05-07,379.07
1092,280,2024-07-18,309.93
1093,165,2024-09-22,183.58
1094,338,2024-05-25,14.27
1095,281,2024-03-11,43.37
1096,154,2024-01-29,275.96
1097,132,2024-10-07,187.81
1098,417,2024-04-18,21.82
1099,434,2024-02-04,109.54
1100,199,2024-08-01,60.69
1101,444,2024-12-25,242.18
1102,5,2024-01-23,237.95
1103,387,2024-11-28,397.74
1104,349,2024-10-03,408.61
1105,355,2024-03-21,439.04
1106,139,2024-06-10,452.71
1107,489,2024-10-29,27.84
1108,441,2024-12-07,123.81
1109,200,2024-02-06,243.44
1110,38,2024-10-04,109.69
1111,455,2024-03-03,190.55
1112,9,2024-04-01,340.84
1113,457,2024-03-13,162.3
1114,136,2024-07-02,222.91
1115,372,2024-11-08,408.42
1116,399,2024-04-01,271.16
1117,347,2024-03-02,358.61
1118,446,2024-07-03,263.54
1119,324,2024-12-05,469.11
1120,422,2024-12-11,422.53
1121,71,2024-12-15,297.11
1122,140,2024-03-16,79.32
1123,180,2024-11-23,322.47
1124,385,2024-04-25,376.84
1125,290,2024-09-20,119.57
1126,344,2024-11-20,498.63
1127,480,2024-09-10,332.35
1128,457,2024-04-06,242.83
1129,322,2024-11-10,125.16
1130,341,2024-04-09,422.34
1131,86,2024-10-26,398.84
1132,418,2024-05-13,154.85
1133,334,2024-06-22,385.31
1134,371,2024-12-01,236.9
1135,32,2024-11-15,19.87
1136,16,2024-12-11,194.01
1137,333,2024-07-12,249.11
1138,31,2024-05-18,334.66
1139,157,2024-08-26,169.01
1140,138,2024-05-11,54.04
1141,338,2024-10-31,58.32
1142,256,2024-11-27,150.28
1143,141,2024-03-26,251.25
1144,317,2024-06-19,317.68
1145,194,2024-03-09,28.52
1146,418,2024-02-27,82.16
1147,480,2024-10-29,175.6
1148,212,2024-07-11,55.05
1149,174,2024-06-26,341.18
1150,42,2024-10-31,144.8
1151,461,2024-05-29,95.54
1152,202,2024-03-28,318.76
1153,126,2024-09-16,143.66
1154,287,2024-11-05,181.98
1155,489,2024-02-01,155.14
1156,309,2024-06-25,137.57
1157,29,2024-02-03,138.78
1158,489,2024-02-23,128.24
1159,437,2024-09-29,283.39
1160,329,2024-09-06,470.25
1161,21,2024-03-30,377.14
1162,419,2024-08-01,438.59
1163,135,2024-12-14,38.59
1164,194,2024-04-19,276.26
1165,394,2024-12-11,106.96
1166,154,2024-09-25,216.12
1167,461,2024-05-17,403.85
1168,337,2025-01-08,450.28
1169,373,2024-02-04,454.62
1170,201,2024-10-23,467.34
1171,404,2024-12-22,446.55
1172,461,2024-08-27,386.03
1173,222,2024-10-01,332.49
1174,450,2024-03-12,340.62
1175,272,2024-09-03,109.51
1176,273,2024-11-25,334.37
1177,184,2024-02-07,419.56
1178,141,2024-09-28,38.86
1179,290,2024-01-30,143.48
1180,374,2024-08-26,493.01
1181,246,2024-04-29,26.53
1182,324,2024-05-18,114.12
1183,438,2024-09-29,388.44
1184,225,2024-05-28,75.05
1185,186,2024-01-21,257.64
1186,377,2024-09-01,373.26
1187,121,2024-06-14,318.44
1188,348,2024-12-30,451.9
1189,326,2024-02-17,254.07
1190,353,2024-09-11,311.63
1191,26,2024-09-12,171.69
1192,456,2024-04-23,74.2
1193,115,2024-07-18,76.1
1194,144,2024-12-12,237.39
1195,304,2024-11-14,45.49
1196,51,2024-04-08,125.08
1197,223,2024-04-06,28.75
1198,75,2024-07-02,106.48
1199,229,2024-12-05,482.37
1200,93,2024-04-26,45.06
1201,244,2024-02-04,426.51
1202,373,2024-09-18,293.98
1203,282,2024-02-04,292.53
1204,92,2024-08-30,161.09
1205,352,2024-02-21,147.29
1206,416,2024-07-24,174.65
1207,159,2024-07-12,283.66
1208,184,2024-03-16,393.81
1209,490,2024-03-25,366.0
1210,469,2024-10-13,384.12
1211,290,2024-09-22,35.42
1212,494,2024-09-06,282.14
1213,374,2024-09-06,110.18
1214,213,2024-05-15,310.56
1215,462,2025-01-06,332.77
1216,495,2024-05-12,437.12
1217,9,2024-09-13,328.42
1218,445,2024-08-25,436.87
1219,124,2024-07-09,396.63
1220,477,2024-10-22,191.92
1221,179,2024-07-08,163.91
1222,171,2024-05-05,121.6
1223,495,2024-09-19,415.41
1224,274,2024-01-19,499.8
1225,417,2024-11-10,398.58
1226,191,2024-10-26,133.18
1227,404,2024-02-17,484.88
1228,196,2024-04-22,222.18
1229,298,2024-03-30,120.6
1230,457,2024-05-30,304.38
1231,103,2024-12-20,24.98
1232,137,2024-02-07,487.01
1233,409,2024-05-22,193.14
1234,399,2024-10-23,186.72
1235,417,2024-02-21,302.43
1236,34,2024-04-14,257.82
1237,331,2024-02-24,299.64
1238,113,2024-04-24,424.3
1239,435,2024-10-18,111.07
1240,442,2024-08-12,459.0
1241,322,2024-03-14,379.51
1242,459,2024-06-14,447.54
1243,46,2024-08-05,257.19
1244,21,2024-02-05,200.84
1245,142,2024-06-03,198.86
1246,414,2024-11-24,34.49
1247,97,2024-01-19,16.02
1248,477,2024-07-07,464.45
1249,54,2024-06-15,205.93
1250,54,2024-05-30,22.43
1251,234,2024-03-13,480.22
1252,95,2024-12-15,490.08
1253,248,2024-06-23,442.31
1254,23,2024-05-14,78.64
1255,245,2024-12-24,485.26
1256,144,2024-06-02,430.09
1257,60,2024-09-29,383.31
1258,323,2024-12-03,432.3
1259,221,2024-05-13,476.34
1260,446,2024-08-24,78.43
1261,315,2024-03-17,495.39
1262,92,2024-11-15,222.71
1263,30,2024-08-22,370.31
1264,270,2024-09-15,150.58
1265,114,2024-01-18,166.64
1266,56,2024-11-02,454.11
1267,208,2024-10-15,214.01
1268,348,2024-07-11,31.87
1269,370,2024-10-23,136.82
1270,198,2024-10-03,48.98
1271,450,2024-07-14,183.78
1272,491,2024-06-04,488.75
1273,217,2024-12-15,343.8
1274,260,2024-08-06,107.86
1275,113,2024-02-10,438.54
1276,281,2024-12-01,457.64
1277,253,2024-06-08,399.75
1278,14,2024-07-26,40.4
1279,7,2025-01-10,294.71
1280,394,2024-09-01,367.67
1281,290,2024-11-26,194.12
1282,11,2024-06-14,75.84
1283,183,2025-01-03,112.09
1284,236,2024-08-18,181.15
1285,451,2024-11-28,65.34
1286,299,2024-03-20,419.81
1287,332,2024-05-05,29.27
1288,208,2025-01-04,231.82
1289,131,2024-10-06,233.3
1290,275,2024-03-18,351.03
1291,48,2024-07-05,12.92
1292,450,2024-04-27,491.29
1293,24,2024-03-01,186.31
1294,425,2024-02-28,37.08
1295,211,2024-12-20,379.03
1296,11,2024-10-14,315.87
1297,116,2024-07-30,296.47
1298,452,2024-10-10,464.03
1299,224,2024-10-31,418.29
1300,170,2024-08-29,355.85
1301,135,2024-06-23,19.72
1302,287,2024-04-18,68.25
1303,381,2024-03-16,367.04
1304,302,2024-02-11,92.24
1305,134,2024-12-14,312.57
1306,55,2024-12-10,321.81
1307,287,2024-09-26,227.79
1308,373,2024-02-14,14.22
1309,54,2024-07-03,270.0
1310,143,2024-11-29,385.51
1311,377,2024-11-08,481.3
1312,163,2024-07-26,75.55
1313,190,2024-06-12,361.91
1314,221,2024-02-01,253.04
1315,189,2024-02-21,168.16
1316,9,2024-06-09,258.75
1317,243,2024-11-05,298.01
1318,427,2024-12-02,123.15
1319,398,2025-01-06,47.15
1320,255,2025-01-02,390.1
1321,169,2024-02-09,473.89
1322,468,2024-06-07,82.54
1323,153,2024-08-16,159.54
1324,448,2024-09-25,27.66
1325,225,2024-04-26,488.46
1326,486,2024-05-04,44.29
1327,6,2024-09-29,244.9
1328,234,2024-02-18,471.16
1329,81,2024-12-24,498.5
1330,421,2024-01-15,245.91
1331,410,2024-12-09,135.4
1332,401,2024-06-12,234.66
1333,337,2024-04-19,156.18
1334,144,2024-07-22,472.19
1335,420,2024-12-16,275.33
1336,401,2024-02-10,285.61
1337,136,2024-05-17,216.31
1338,409,2024-12-07,335.69
1339,85,2024-05-07,323.73
1340,214,2024-01-27,313.37
1341,161,2024-07-20,422.46
1342,150,2024-04-23,88.39
1343,368,2024-05-27,217.11
1344,63,2024-05-17,367.22
1345,220,2024-05-06,226.98
1346,228,2024-09-24,460.65
1347,477,2024-09-23,91.25
1348,429,2024-08-14,85.32
1349,87,2024-11-09,332.6
1350,275,2024-03-11,338.27
1351,51,2024-04-28,72.47
1352,256,2024-08-16,247.9
1353,68,2024-05-12,16.76
1354,431,2024-08-11,75.29
1355,483,2024-09-11,483.04
1356,389,2024-04-13,407.11
1357,268,2024-01-28,331.86
1358,47,2024-11-14,444.82
1359,426,2024-05-23,348.7
1360,490,2024-08-23,320.01
1361,456,2024-12-13,10.89
1362,352,2024-05-08,242.88
1363,243,2024-03-21,69.83
1364,294,2024-06-23,329.95
1365,433,2024-10-27,492.32
1366,129,2024-06-13,410.07
1367,382,2024-12-22,417.49
1368,265,2024-08-13,333.28
1369,488,2024-06-05,382.29
1370,275,2024-04-27,34.0
1371,271,2024-07-22,262.95
1372,257,2024-02-09,51.3
1373,104,2024-12-19,117.23
1374,450,2024-12-14,120.14
1375,269,2024-03-13,282.63
1376,497,2024-06-17,335.88
1377,285,2024-06-15,146.55
1378,279,2024-09-20,138.32
1379,81,2024-02-23,16.71
1380,147,2024-08-02,40.53
1381,281,2024-03-19,445.59
1382,28,2024-05-20,207.47
1383,319,2024-05-11,227.32
1384,201,2024-07-20,194.88
1385,72,2024-06-23,150.66
1386,453,2024-09-13,332.19
1387,430,2024-12-20,373.19
1388,30,2024-09-21,144.94
1389,246,2024-11-30,456.6
1390,119,2024-04-08,314.6
1391,403,2024-03-15,255.41
1392,380,2024-03-14,379.87
1393,278,2024-08-16,369.54
1394,83,2024-07-11,87.72
1395,496,2024-06-22,181.6
1396,106,2024-05-13,104.87
1397,216,2024-09-08,142.53
1398,32,2024-03-07,311.2
1399,290,2024-07-08,449.73
1400,140,2024-12-22,354.59
1401,445,2024-07-02,404.55
1402,89,2024-09-09,79.23
1403,399,2024-12-08,258.44
1404,450,2024-10-10,36.57
1405,269,2024-11-14,394.76
1406,73,2024-09-10,71.52
1407,168,2024-10-22,269.82
1408,161,2024-12-23,207.06
1409,297,2024-05-22,391.94
1410,102,2024-01-29,379.78
1411,110,2024-03-08,394.62
1412,203,2024-08-27,42.88
1413,249,2024-01-24,417.59
1414,489,2024-12-27,341.25
1415,407,2024-09-13,97.45
1416,218,2024-08-30,18.85
1417,93,2024-09-18,330.5
1418,42,2025-01-13,251.07
1419,439,2024-03-18,71.09
1420,120,2024-07-26,205.75
1421,329,2024-02-14,121.63
1422,280,2025-01-09,466.27
1423,175,2024-10-21,228.9
1424,65,2024-08-05,147.77
1425,160,2024-11-28,350.51
1426,19,2024-05-11,224.79
1427,66,2024-06-03,31.15
1428,172,2024-02-13,449.4
1429,237,2024-12-20,261.58
1430,56,2024-02-11,42.42
1431,495,2024-11-29,497.63
1432,28,2024-03-14,469.01
1433,490,2024-07-20,349.86
1434,149,2024-07-02,145.02
1435,246,2024-08-12,178.75
1436,201,2024-06-16,176.27
1437,143,2024-12-03,111.81
1438,244,2024-11-12,230.05
1439,20,2024-10-21,230.57
1440,74,2024-09-30,493.4
1441,477,2024-03-12,460.43
1442,203,2024-11-28,364.73
1443,219,2024-04-02,119.13
1444,161,2024-09-17,143.55
1445,123,2024-09-10,49.99
1446,189,2025-01-13,36.73
1447,430,2024-12-14,369.56
1448,281,2024-07-03,176.97
1449,355,2024-07-09,166.31
1450,444,2024-03-31,105.85
1451,115,2024-12-05,280.28
1452,353,2024-08-09,347.14
1453,456,2024-09-08,204.4
1454,230,2024-07-13,487.6
1455,443,2024-02-23,114.09
1456,451,2024-03-02,403.99
1457,325,2024-12-27,176.98
1458,348,2024-08-12,291.0
1459,80,2025-01-04,136.97
1460,242,2024-10-10,213.28
1461,219,2024-08-21,304.48
1462,163,2024-03-26,81.08
1463,54,2024-03-22,120.37
1464,145,2025-01-05,161.44
1465,329,2024-02-20,78.91
1466,226,2024-03-07,336.09
1467,326,2024-05-04,154.12
1468,37,2024-11-17,146.81
1469,187,2024-02-11,358.13
1470,259,2024-09-08,39.43
1471,315,2025-01-06,202.19
1472,125,2024-07-14,416.08
1473,188,2024-08-13,295.07
1474,59,2024-04-08,338.51
1475,154,2024-12-18,353.49
1476,401,2024-07-10,412.07
1477,309,2024-04-06,441.38
1478,379,2024-03-14,169.39
1479,190,2024-03-29,108.51
1480,444,2024-06-22,191.52
1481,24,2024-02-11,343.74
1482,403,2024-04-28,265.81
1483,13,2024-09-04,423.46
1484,275,2024-12-31,113.16
1485,34,2024-04-27,135.52
1486,98,2024-07-02,319.43
1487,488,2024-06-03,100.84
1488,163,2024-04-03,257.41
1489,147,2024-02-06,131.21
1490,414,2024-08-03,253.09
1491,187,2024-02-29,287.86
1492,144,2024-05-07,283.78
1493,486,2024-10-01,364.87
1494,269,2024-10-28,393.35
1495,379,2024-05-03,437.12
1496,292,2024-10-10,340.03
1497,210,2024-04-10,80.57
1498,214,2024-05-26,208.73
1499,476,2024-11-13,69.14
1500,310,2024-03-31,289.34
1501,278,2024-10-17,17.75
1502,465,2024-07-16,140.75
1503,238,2024-05-08,356.33
1504,207,2025-01-03,10.94
1505,37,2024-02-07,394.99
1506,79,2024-08-02,32.69
1507,347,2024-04-29,362.3
1508,105,2024-05-28,338.64
1509,24,2024-02-18,443.4
1510,382,2024-12-02,221.44
1511,102,2024-10-30,382.71
1512,438,2024-10-24,20.29
1513,319,2024-10-16,381.66
1514,498,2025-01-12,408.22
1515,459,2024-08-29,51.72
1516,333,2024-05-14,319.85
1517,381,2024-12-23,204.48
1518,437,2024-01-22,13.69
1519,468,2024-06-16,198.68
1520,373,2025-01-09,269.11
1521,241,2024-07-16,14.19
1522,481,2024-12-08,407.57
1523,320,2024-12-12,413.91
1524,135,2024-07-01,195.21
1525,38,2024-06-13,417.11
1526,394,2024-12-19,365.21
1527,341,2024-03-02,318.03
1528,104,2024-09-14,247.5
1529,116,2024-09-26,173.74
1530,89,2024-06-22,305.12
1531,208,2024-07-29,250.7
1532,445,2024-05-29,383.86
1533,10,2024-03-28,169.47
1534,37,2024-12-03,232.24
1535,57,2024-09-23,353.89
1536,237,2024-08-17,368.66
1537,301,2024-05-18,157.55
1538,321,2024-04-03,246.12
1539,73,2025-01-01,121.71
1540,103,2024-06-03,53.48
1541,127,2024-03-17,137.14
1542,11,2024-07-12,118.64
1543,475,2024-04-26,377.9
1544,138,2025-01-09,194.93
1545,51,2024-03-06,107.37
1546,229,2024-11-05,313.39
1547,173,2025-01-06,194.05
1548,265,2024-03-17,320.99
1549,252,2024-01-20,281.39
1550,191,2024-02-07,264.64
1551,244,2024-11-15,192.93
1552,478,2024-03-28,256.97
1553,65,2024-05-07,464.25
1554,318,2024-05-09,74.14
1555,431,2024-01-26,257.68
1556,393,2025-01-05,398.62
1557,188,2024-02-14,489.56
1558,232,2024-03-04,60.99
1559,426,2024-05-29,495.54
1560,366,2024-01-23,17.09
1561,324,2024-04-22,370.93
1562,169,2024-09-20,401.19
1563,143,2024-02-18,404.03
1564,323,2024-01-23,460.19
1565,203,2024-12-15,493.69
1566,102,2024-06-20,321.59
1567,4,2024-09-04,196.07
1568,5,2024-07-31,17.72
1569,241,2024-06-24,172.99
1570,110,2024-06-27,417.64
1571,183,2024-01-20,191.53
1572,58,2024-11-03,38.41
1573,385,2024-11-27,216.35
1574,401,2024-10-21,20.4
1575,353,2024-11-17,128.68
1576,359,2024-02-23,274.22
1577,35,2024-06-09,416.97
1578,394,2024-11-13,456.37
1579,462,2024-04-23,425.56
1580,402,2024-07-17,409.5
1581,220,2024-12-27,333.19
1582,175,2024-03-20,249.2
1583,50,2024-12-01,439.07
1584,253,2024-09-12,392.02
1585,28,2024-11-11,399.28
1586,65,2024-10-10,273.47
1587,386,2024-07-01,76.46
1588,57,2024-11-08,129.69
1589,231,2024-09-06,298.34
1590,39,2024-03-23,264.57
1591,165,2024-09-09,311.2
1592,313,2024-04-10,222.67
1593,497,2024-12-18,130.27
1594,324,2025-01-11,113.29
1595,100,2024-05-26,66.75
1596,310,2024-10-24,493.16
1597,325,2024-08-22,244.29
1598,258,2024-09-26,265.57
1599,374,2024-11-20,226.29
1600,212,2024-07-27,48.78
1601,137,2024-08-03,451.89
1602,310,2024-01-19,77.74
1603,380,2024-10-26,161.61
1604,327,2024-12-06,396.06
1605,175,2024-11-11,101.43
1606,448,2024-10-03,330.78
1607,76,2024-02-03,331.74
1608,141,2024-05-31,300.65
1609,445,2024-03-03,375.21
1610,30,2024-04-24,379.64
1611,313,2024-02-03,110.63
1612,364,2024-07-18,370.95
1613,367,2024-12-24,466.49
1614,65,2024-08-25,49.82
1615,363,2024-09-13,102.18
1616,112,2024-06-30,404.11
1617,456,2024-02-10,223.32
1618,51,2024-04-12,348.72
1619,41,2024-05-17,310.25
1620,169,2024-04-04,121.03
1621,428,2024-08-30,189.88
1622,264,2024-05-09,413.26
1623,162,2024-12-04,273.82
1624,281,2024-08-25,302.95
1625,341,2024-11-06,310.17
1626,369,2024-10-07,385.81
1627,263,2024-08-01,250.71
1628,89,2024-08-07,59.6
1629,342,2024-10-04,47.53
1630,423,2024-11-26,259.97
1631,364,2024-08-13,66.8
1632,26,2024-05-27,363.75
1633,289,2024-01-30,244.25
1634,399,2024-01-30,143.49
1635,284,2025-01-05,198.48
1636,215,2024-11-15,32.41
1637,14,2024-09-10,69.93
1638,120,2024-02-04,472.27
1639,446,2024-07-12,405.4
1640,268,2024-05-21,124.76
1641,89,2024-01-29,138.54
1642,61,2024-12-09,54.98
1643,258,2024-10-15,174.65
1644,85,2024-07-11,174.97
1645,397,2024-03-14,211.95
1646,179,2024-12-15,297.68
1647,126,2024-10-26,280.88
1648,71,2024-07-05,482.79
1649,490,2024-03-09,306.39
1650,76,2024-03-08,349.04
1651,297,2024-12-06,74.31
1652,199,2024-08-08,380.88
1653,38,2024-04-08,207.9
1654,390,2024-04-22,487.94
1655,338,2024-12-31,59.16
1656,203,2024-06-18,27.65
1657,99,2024-10-28,203.08
1658,156,2024-12-31,185.43
1659,296,2024-10-13,215.6
1660,78,2024-02-25,481.4
1661,25,2024-01-23,176.54
1662,69,2024-08-01,430.01
1663,409,2024-10-17,461.24
1664,54,2024-08-04,345.77
1665,311,2024-08-23,408.55
1666,13,2024-11-23,272.25
1667,31,2024-05-16,196.7
1668,491,2024-06-09,38.64
1669,250,2024-09-12,366.58
1670,385,2024-10-21,111.63
1671,318,2024-02-24,289.9
1672,74,2024-06-29,242.33
1673,423,2024-11-21,375.06
1674,141,2024-05-29,296.64
1675,356,2024-12-30,398.06
1676,436,2024-09-29,294.48
1677,183,2024-11-20,125.8
1678,110,2024-10-02,308.74
1679,228,2024-09-10,479.18
1680,403,2024-09-24,150.37
1681,279,2024-10-21,450.46
1682,209,2024-07-22,483.3
1683,189,2024-01-21,175.38
1684,399,2024-09-06,27.71
1685,7,2024-03-21,426.45
1686,273,2024-03-23,459.42
1687,404,2024-12-18,15.46
1688,445,2024-06-23,267.17
1689,401,2025-01-02,259.84
1690,98,2024-11-13,421.54
1691,401,2024-08-17,360.72
1692,297,2024-09-19,305.99
1693,307,2024-12-08,155.33
1694,461,2024-11-04,217.17
1695,32,2024-04-15,419.76
1696,381,2024-11-09,387.23
1697,406,2024-10-15,282.69
1698,286,2024-07-08,300.84
1699,450,2024-02-28,35.75
1700,65,2024-10-25,356.92
1701,243,2024-05-22,139.12
1702,370,2024-09-26,32.72
1703,349,2024-09-03,54.85
1704,310,2024-04-27,380.93
1705,83,2024-04-29,499.56
1706,411,2024-11-05,299.13
1707,194,2024-12-08,272.28
1708,359,2024-09-02,202.02
1709,212,2024-05-19,52.26
1710,23,2025-01-04,481.18
1711,54,2024-01-29,18.83
1712,402,2024-03-21,296.27
1713,497,2024-06-08,289.83
1714,55,2024-06-09,136.86
1715,217,2024-09-16,482.31
1716,314,2024-06-03,60.32
1717,264,2024-05-25,61.86
1718,257,2024-07-23,278.81
1719,87,2024-12-23,390.0
1720,198,2024-03-14,104.32
1721,294,2024-08-31,149.91
1722,22,2024-03-03,174.35
1723,120,2024-07-08,426.59
1724,224,2024-06-11,205.92
1725,180,2024-11-18,306.66
1726,377,2024-04-02,333.59
1727,385,2024-10-20,249.73
1728,49,2024-04-10,50.65
1729,254,2024-03-07,242.41
1730,63,2024-05-27,325.65
1731,394,2024-02-09,73.4
1732,165,2024-10-03,245.02
1733,55,2024-03-15,435.57
1734,157,2024-05-27,117.18
1735,208,2024-06-20,188.66
1736,395,2024-03-22,183.26
1737,203,2024-11-20,271.16
1738,417,2024-08-22,413.12
1739,216,2024-12-24,432.58
1740,316,2024-08-23,295.26
1741,93,2024-09-26,320.11
1742,178,2024-03-23,424.95
1743,435,2024-02-03,85.85
1744,107,2024-10-19,467.97
1745,465,2024-11-01,285.76
1746,389,2024-06-04,374.48
1747,331,2024-11-19,398.74
1748,400,2024-04-26,338.68
1749,323,2024-12-13,117.2
1750,4,2024-08-19,194.53
1751,149,2024-03-15,399.8
1752,165,2024-11-13,134.75
1753,376,2024-08-23,416.89
1754,138,2024-07-17,283.32
1755,442,2024-12-05,284.75
1756,134,2024-05-09,334.64
1757,263,2025-01-04,471.53
1758,369,2024-11-17,344.62
1759,332,2024-02-28,253.37
1760,207,2024-09-01,433.39
1761,72,2025-01-12,267.64
1762,38,2024-02-29,48.09
1763,397,2024-01-30,472.11
1764,422,2024-08-11,405.61
1765,55,2024-04-02,18.79
1766,240,2024-09-01,373.0
1767,293,2024-03-06,297.78
1768,244,2024-09-05,198.24
1769,96,2024-12-03,328.62
1770,259,2024-10-30,128.63
1771,359,2024-10-01,81.13
1772,24,2024-09-12,270.18
1773,213,2024-12-26,416.11
1774,322,2024-12-08,272.67
1775,25,2024-11-02,148.51
1776,99,2024-08-02,412.83
1777,363,2024-06-21,496.16
1778,478,2024-05-16,433.71
1779,250,2024-10-21,38.67
1780,16,2024-07-11,479.17
1781,461,2024-12-06,416.98
1782,121,2025-01-06,116.25
1783,416,2024-12-04,305.23
1784,102,2024-06-18,380.81
1785,150,2024-10-15,55.15
1786,92,2024-05-25,497.95
1787,457,2024-10-17,79.98
1788,18,2024-01-18,195.95
1789,233,2024-08-31,452.8
1790,422,2024-07-30,103.32
1791,101,2024-10-12,148.2
1792,486,2024-01-29,260.46
1793,355,2024-07-03,278.28
1794,394,2024-10-22,259.98
1795,412,2024-09-14,251.83
1796,167,2024-06-29,483.48
1797,180,2024-08-13,408.13
1798,376,2024-08-07,205.1
1799,208,2024-07-06,360.46
1800,295,2024-05-31,267.0
1801,269,2024-10-24,435.57
1802,190,2024-04-07,254.6
1803,446,2024-05-23,118.76
1804,12,2024-09-15,328.68
1805,489,2024-10-24,31.88
1806,278,2024-09-01,402.64
1807,296,2024-11-19,311.43
1808,500,2024-03-09,213.38
1809,53,2024-08-23,399.62
1810,1,2024-02-21,160.54
1811,41,2024-01-17,52.78
1812,194,2024-01-29,37.11
1813,255,2024-10-21,456.42
1814,82,2024-02-15,394.53
1815,84,2024-02-09,412.86
1816,21,2024-11-27,284.02
1817,375,2024-08-09,343.27
1818,218,2024-04-19,68.65
1819,377,2024-05-23,443.92
1820,109,2024-02-16,408.68
1821,114,2024-12-31,368.7
1822,291,2024-11-08,295.67
1823,16,2024-09-18,192.81
1824,260,2024-03-30,177.17
1825,235,2024-02-10,93.74
1826,420,2024-11-18,182.02
1827,441,2024-01-21,139.26
1828,389,2024-07-16,380.71
1829,471,2024-01-17,78.31
1830,225,2024-02-05,309.43
1831,97,2024-02-03,228.89
1832,317,2024-03-16,439.85
1833,82,2024-04-26,15.0
1834,245,2024-12-25,357.71
1835,242,2024-04-05,41.52
1836,244,2024-01-19,411.4
1837,218,2024-07-12,197.92
1838,140,2024-01-26,79.89
1839,391,2024-06-30,378.06
1840,496,2024-03-03,488.22
1841,388,2024-08-06,92.5
1842,313,2024-09-28,307.51
1843,303,2024-07-04,94.26
1844,42,2024-02-26,459.41
1845,170,2024-12-10,303.44
1846,471,2025-01-13,287.36
1847,405,2024-10-26,176.12
1848,327,2024-05-19,468.68
1849,369,2024-01-26,56.03
1850,96,2024-03-13,279.53
1851,144,2024-11-19,76.16
1852,49,2024-10-27,107.76
1853,106,2024-03-03,369.64
1854,167,2024-04-12,379.65
1855,424,2024-12-14,378.24
1856,139,2025-01-13,75.54
1857,23,2024-04-15,48.21
1858,176,2024-08-06,220.11
1859,213,2024-09-03,263.19
1860,289,2024-04-06,279.99
1861,335,2025-01-09,392.95
1862,39,2024-04-11,212.01
1863,253,2024-04-25,271.02
1864,453,2024-08-20,34.18
1865,275,2024-02-09,435.74
1866,470,2024-04-26,164.19
1867,121,2024-11-06,442.99
1868,280,2024-08-21,35.33
1869,497,2024-03-03,279.76
1870,124,2024-04-24,254.41
1871,102,2024-02-23,50.99
1872,31,2024-09-12,237.07
1873,200,2024-11-17,441.38
1874,37,2024-05-05,344.09
1875,180,2024-10-02,162.27
1876,133,2024-05-20,257.8
1877,405,2024-09-06,328.67
1878,360,2024-03-16,17.66
1879,348,2024-03-27,76.26
1880,407,2024-04-05,499.04
1881,478,2024-09-18,40.63
1882,399,2024-10-22,28.3
1883,104,2024-08-19,118.97
1884,191,2024-03-26,356.28
1885,459,2024-03-07,128.82
1886,351,2024-01-31,112.96
1887,51,2024-07-19,76.66
1888,58,2024-03-11,427.59
1889,239,2024-02-07,79.24
1890,15,2024-02-11,345.89
1891,346,2024-03-10,31.41
1892,470,2024-12-02,76.62
1893,411,2024-04-08,223.6
1894,381,2024-10-02,160.85
1895,406,2024-09-15,392.04
1896,389,2024-10-11,206.01
1897,95,2024-08-11,235.05
1898,475,2024-02-02,381.56
1899,111,2024-10-26,159.09
1900,165,2024-04-12,426.65
1901,107,2024-08-12,377.77
1902,373,2024-05-25,309.39
1903,1,2024-09-07,98.38
1904,187,2024-07-15,279.01
1905,155,2024-07-23,332.0
1906,466,2024-06-09,200.87
1907,161,2024-06-27,182.97
1908,63,2024-09-15,297.11
1909,362,2024-03-17,455.04
1910,23,2024-10-30,208.86
1911,102,2024-08-03,309.13
1912,179,2024-05-29,159.1
1913,310,2024-11-29,272.57
1914,286,2024-12-19,107.86
1915,370,2024-07-25,115.69
1916,256,2024-09-14,264.78
1917,403,2024-03-25,300.34
1918,442,2024-05-19,320.36
1919,353,2024-01-31,175.76
1920,254,2024-04-15,449.63
1921,423,2024-01-29,334.84
1922,478,2024-03-20,336.81
1923,370,2024-03-26,354.65
1924,196,2024-03-22,137.86
1925,75,2024-04-23,408.2
1926,232,2024-05-17,373.92
1927,203,2025-01-12,492.91
1928,32,2024-06-09,387.43
1929,493,2024-02-02,143.73
1930,18,2024-11-13,180.93
1931,430,2024-05-14,481.3
1932,162,2024-11-07,191.19
1933,244,2024-02-17,211.83
1934,273,2024-04-03,106.25
1935,44,2024-11-21,59.46
1936,314,2024-03-07,260.95
1937,87,2024-07-24,369.66
1938,262,2024-12-14,409.72
1939,264,2024-11-22,337.09
1940,287,2024-01-29,136.85
1941,369,2024-12-20,134.26
1942,362,2024-08-19,300.57
1943,53,2024-09-03,13.6
1944,362,2025-01-02,268.1
1945,20,2024-05-04,163.87
1946,352,2024-07-05,381.47
1947,364,2024-02-16,439.96
1948,48,2024-07-09,19.35
1949,302,2024-10-17,130.76
1950,284,2024-08-21,228.95
1951,61,2024-05-18,305.8
1952,43,2024-02-04,409.44
1953,447,2024-11-07,50.02
1954,370,2024-06-12,67.8
1955,46,2024-02-26,313.48
1956,440,2024-07-21,448.2
1957,66,2024-02-02,445.95
1958,108,2025-01-02,135.25
1959,365,2024-07-10,74.05
1960,149,2024-10-02,305.22
1961,399,2024-10-11,342.09
1962,159,2024-04-04,440.94
1963,183,2024-07-25,74.74
1964,306,2024-10-14,410.03
1965,19,2024-07-05,447.77
1966,104,2024-01-27,354.35
1967,320,2024-02-18,335.58
1968,253,2024-05-13,103.26
1969,40,2024-12-28,409.76
1970,340,2024-08-22,393.78
1971,1,2024-01-20,437.9
1972,59,2024-09-26,195.9
1973,334,2024-05-02,421.71
1974,5,2024-11-27,18.72
1975,155,2024-08-23,390.95
1976,358,2024-09-13,16.87
1977,74,2024-06-22,36.39
1978,459,2024-03-19,28.95
1979,6,2024-02-23,276.69
1980,81,2024-03-25,108.82
1981,86,2024-08-17,128.56
1982,197,2024-12-31,188.07
1983,298,2024-03-02,24.15
1984,186,2024-10-02,417.63
1985,249,2024-12-19,466.01
1986,288,2024-12-08,331.14
1987,310,2024-10-12,73.45
1988,376,2024-03-18,112.17
1989,421,2024-11-21,347.55
1990,185,2024-11-26,357.04
1991,48,2024-02-08,293.02
1992,284,2024-03-06,399.84
1993,448,2024-11-26,382.58
1994,404,2024-07-26,30.94
1995,212,2024-05-02,123.4
1996,72,2024-03-13,430.16
1997,132,2025-01-01,322.32
1998,17,2024-03-27,491.6
1999,419,2024-05-03,412.56
2000,218,2024-06-05,320.82
2001,369,2024-12-03,343.24
2002,208,2024-09-04,419.27
2003,232,2024-04-10,411.86
2004,123,2024-06-09,127.12
2005,321,2024-12-19,211.33
2006,79,2024-01-20,499.78
2007,467,2024-10-12,404.72
2008,228,2024-08-19,394.76
2009,239,2024-10-06,228.19
2010,242,2024-07-12,248.5
2011,109,2024-03-03,428.29
2012,389,2024-10-24,90.86
2013,120,2024-03-28,32.24
2014,181,2024-09-12,105.36
2015,214,2024-09-23,21.18
2016,500,2024-02-08,231.31
2017,169,2024-11-27,309.36
2018,309,2024-05-30,214.81
2019,78,2024-09-19,454.82
2020,85,2024-01-21,312.23
2021,185,2024-10-24,166.92
2022,428,2024-12-26,451.43
2023,466,2024-04-21,221.12
2024,153,2024-11-17,126.17
2025,438,2024-04-11,404.79
2026,335,2024-06-09,354.18
2027,146,2024-11-26,143.22
2028,277,2024-07-13,310.64
2029,149,2024-05-13,177.81
2030,159,2024-05-20,127.79
2031,220,2024-08-31,166.21
2032,483,2024-06-15,159.76
2033,7,2024-06-12,239.78
2034,464,2024-11-13,336.17
2035,283,2024-10-26,416.92
2036,61,2024-04-16,276.64
2037,86,2024-06-23,466.54
2038,441,2024-03-10,369.66
2039,141,2024-08-09,180.41
2040,356,2024-11-19,280.03
2041,230,2024-09-22,192.35
2042,170,2024-03-07,464.8
2043,212,2024-07-15,312.16
2044,417,2025-01-05,483.78
2045,312,2024-06-10,254.96
2046,472,2024-11-04,43.62
2047,269,2024-03-17,178.32
2048,25,2024-06-11,393.27
2049,496,2024-04-29,86.42
2050,156,2024-08-26,472.32
2051,190,2024-02-10,32.28
2052,284,2024-12-25,111.2
2053,449,2024-11-12,413.73
2054,4,2025-01-09,309.61
2055,459,2024-04-05,258.19
2056,44,2024-12-07,366.36
2057,94,2024-02-01,298.09
2058,296,2025-01-07,299.99
2059,353,2024-08-28,233.54
2060,275,2024-07-19,320.96
2061,198,2024-08-08,390.01
2062,193,2024-05-04,199.06
2063,373,2024-11-11,395.3
2064,31,2024-08-21,172.77
2065,183,2024-11-18,68.52
2066,484,2024-05-02,223.02
2067,139,2024-08-07,296.19
2068,358,2024-11-26,18.65
2069,467,2024-07-16,378.89
2070,445,2024-12-04,255.11
2071,422,2024-06-21,218.88
2072,213,2024-11-01,242.96
2073,338,2024-11-22,475.88
2074,463,2024-11-30,206.05
2075,25,2024-10-13,89.85
2076,218,2024-05-12,423.24
2077,427,2024-01-15,298.0
2078,302,2024-09-21,303.28
2079,409,2024-11-14,168.33
2080,30,2024-07-10,480.21
2081,194,2024-02-02,111.27
2082,165,2024-11-01,74.29
2083,292,2024-06-02,479.49
2084,76,2024-08-01,282.11
2085,113,2024-06-03,54.75
2086,4,2024-11-02,182.63
2087,440,2024-08-30,448.01
2088,191,2024-09-26,163.09
2089,305,2024-08-02,309.34
2090,336,2024-12-13,278.78
2091,24,2024-01-20,238.85
2092,480,2024-03-04,119.86
2093,64,2024-05-14,412.57
2094,245,2024-07-16,247.51
2095,307,2024-01-17,207.64
2096,372,2024-08-04,254.94
2097,291,2024-07-19,194.3
2098,24,2024-04-16,97.46
2099,117,2024-06-08,231.67
2100,456,2024-06-06,117.17
2101,72,2025-01-12,412.19
2102,342,2024-08-24,288.58
2103,157,2024-09-08,75.79
2104,476,2025-01-04,216.92
2105,200,2024-03-07,317.7
2106,389,2025-01-12,394.82
2107,168,2024-10-01,209.41
2108,266,2024-10-14,207.11
2109,60,2024-03-08,175.62
2110,16,2024-11-22,145.3
2111,207,2024-05-05,118.84
2112,414,2024-06-07,18.52
2113,498,2025-01-07,40.51
2114,348,2024-04-16,204.87
2115,319,2024-03-22,435.91
2116,244,2024-07-26,292.9
2117,488,2024-12-22,227.23
2118,410,2024-10-26,496.45
2119,155,2024-10-28,172.23
2120,335,2025-01-01,11.31
2121,144,2024-02-20,246.96
2122,135,2024-07-02,178.88
2123,192,2024-02-17,393.45
2124,386,2024-07-21,314.11
2125,96,2024-01-27,393.74
2126,430,2024-04-15,322.11
2127,301,2024-10-31,344.24
2128,410,2024-11-11,480.7
2129,493,2024-01-25,160.55
2130,356,2024-08-26,263.97
2131,178,2024-04-29,304.5
2132,309,2024-08-26,143.01
2133,43,2024-08-01,265.0
2134,220,2024-10-11,482.37
2135,382,2024-05-14,119.46
2136,39,2024-10-05,111.67
2137,140,2024-11-23,230.36
2138,119,2024-02-21,112.83
2139,167,2024-08-29,273.61
2140,168,2024-09-07,49.23
2141,233,2024-10-07,333.51
2142,339,2024-06-07,210.19
2143,35,2024-04-16,288.98
2144,467,2024-04-16,88.5
2145,185,2024-10-05,497.89
2146,404,2024-06-14,33.72
2147,164,2024-09-01,260.51
2148,456,2024-04-16,259.91
2149,206,2024-10-09,99.24
2150,416,2024-10-28,33.51
2151,411,2024-12-17,381.36
2152,249,2024-06-29,404.61
2153,166,2024-03-19,94.17
2154,103,2024-09-04,412.74
2155,239,2024-09-02,291.73
2156,436,2024-07-09,27.04
2157,175,2024-11-05,178.32
2158,31,2024-10-30,222.03
2159,324,2024-07-10,306.74
2160,11,2024-09-08,314.04
2161,183,2024-06-17,379.54
2162,404,2024-05-20,280.07
2163,63,2024-07-12,351.92
2164,446,2024-05-01,360.1
2165,146,2024-12-09,139.54
2166,249,2024-08-20,299.5
2167,216,2024-10-26,197.36
2168,377,2024-09-04,261.62
2169,429,2024-02-14,253.73
2170,430,2024-02-16,135.39
2171,403,2024-12-29,284.13
2172,116,2024-05-17,272.23
2173,58,2024-08-14,268.66
2174,396,2024-11-28,62.76
2175,371,2024-04-12,439.72
2176,259,2024-03-08,333.33
2177,325,2024-11-09,227.22
2178,119,2024-10-01,18.38
2179,310,2024-09-07,249.24
2180,52,2024-10-10,388.29
2181,99,2025-01-03,413.18
2182,302,2024-03-08,263.18
2183,205,2025-01-07,479.25
2184,37,2024-06-25,310.24
2185,438,2024-01-28,94.96
2186,484,2024-03-18,331.89
2187,167,2024-09-11,334.19
2188,323,2024-06-27,366.24
2189,117,2024-12-11,252.42
2190,230,2024-01-21,181.32
2191,308,2024-07-31,405.79
2192,113,2024-01-31,38.77
2193,200,2024-04-15,128.87
2194,151,2024-04-28,455.58
2195,36,2024-12-21,281.51
2196,281,2024-12-01,359.9
2197,134,2024-12-04,387.38
2198,14,2024-07-25,96.83
2199,377,2024-11-04,462.61
2200,4,2024-08-22,454.63
2201,42,2024-06-08,157.16
2202,60,2024-04-08,472.03
2203,106,2024-01-21,39.9
2204,340,2024-08-01,157.38
2205,117,2024-07-23,496.81
2206,267,2024-11-28,351.2
2207,408,2024-02-14,205.09
2208,271,2024-01-28,230.17
2209,294,2024-01-19,404.36
2210,205,2024-08-17,384.33
2211,85,2024-11-09,43.74
2212,311,2024-11-10,59.56
2213,95,2024-12-03,309.65
2214,360,2024-03-03,410.14
2215,329,2024-11-26,214.38
2216,365,2024-12-10,238.06
2217,151,2024-03-05,446.7
2218,373,2024-03-11,316.06
2219,261,2024-09-24,371.69
2220,65,2024-11-06,119.13
2221,251,2024-10-21,215.11
2222,133,2025-01-01,393.31
2223,229,2024-06-07,20.7
2224,358,2024-12-08,66.29
2225,434,2024-12-07,476.42
2226,117,2024-10-08,196.79
2227,394,2024-08-29,436.41
2228,142,2024-08-14,248.22
2229,38,2024-08-05,16.3
2230,201,2024-12-10,369.38
2231,391,2024-05-16,132.37
2232,158,2024-12-26,370.06
2233,316,2024-02-25,161.13
2234,451,2024-08-08,161.18
2235,459,2024-05-14,109.95
2236,135,2024-11-25,329.78
2237,218,2024-05-12,237.06
2238,31,2024-04-11,27.6
2239,466,2024-05-19,67.1
2240,113,2024-11-03,277.77
2241,93,2024-04-28,400.87
2242,236,2024-08-08,168.13
2243,300,2024-03-27,369.31
2244,432,2024-11-06,471.26
2245,485,2024-12-05,404.16
2246,406,2024-09-28,40.62
2247,285,2024-05-11,196.58
2248,271,2024-06-01,473.84
2249,37,2024-01-25,378.88
2250,291,2024-07-20,224.18
2251,229,2024-05-25,402.47
2252,374,2024-06-22,153.24
2253,64,2024-03-17,235.8
2254,447,2025-01-07,164.89
2255,495,2025-01-09,40.73
2256,438,2024-12-11,448.23
2257,286,2024-03-09,263.23
2258,241,2024-07-23,391.5
2259,365,2024-09-26,196.35
2260,214,2024-03-10,214.39
2261,445,2024-05-13,433.28
2262,90,2024-03-23,456.68
2263,341,2024-05-05,64.55
2264,378,2024-08-07,444.87
2265,249,2024-08-18,58.8
2266,155,2024-01-19,448.08
2267,344,2024-05-31,262.91
2268,377,2024-10-07,431.24
2269,9,2024-04-01,111.79
2270,304,2024-04-15,10.24
2271,135,2024-12-27,406.85
2272,70,2024-04-16,346.02
2273,429,2024-08-22,252.43
2274,42,2024-08-20,365.15
2275,65,2024-05-01,149.85
2276,45,2024-08-27,41.58
2277,290,2024-03-03,308.75
2278,166,2024-10-23,498.15
2279,156,2024-12-19,483.8
2280,408,2024-12-12,94.36
2281,457,2024-12-20,474.82
2282,97,2024-04-18,117.59
2283,6,2024-04-10,129.69
2284,393,2024-06-13,188.0
2285,371,2024-03-04,100.72
2286,324,2025-01-06,414.83
2287,436,2024-12-12,189.99
2288,371,2024-10-17,204.04
2289,70,2024-04-13,244.68
2290,267,2024-08-23,225.61
2291,13,2025-01-03,183.76
2292,326,2024-05-26,99.06
2293,169,2024-11-05,205.55
2294,284,2024-04-03,400.48
2295,51,2024-07-11,316.02
2296,138,2025-01-03,151.57
2297,188,2024-02-17,195.2
2298,489,2024-02-23,132.33
2299,338,2024-12-07,343.11
2300,297,2024-12-01,424.93
2301,221,2024-09-12,453.38
2302,261,2024-05-15,205.14
2303,453,2024-10-07,266.58
2304,3,2024-04-25,391.75
2305,183,2024-08-08,261.22
2306,126,2024-02-13,264.09
2307,92,2024-04-20,466.64
2308,60,2024-03-04,467.35
2309,356,2024-04-09,105.07
2310,193,2024-11-08,41.61
2311,243,2024-09-29,391.48
2312,296,2024-02-23,190.45
2313,181,2024-05-05,284.7
2314,209,2024-09-26,57.02
2315,201,2024-05-25,243.54
2316,237,2024-10-26,29.85
2317,114,2024-07-18,459.0
2318,450,2024-07-27,43.56
2319,107,2024-07-18,351.47
2320,464,2024-03-25,59.01
2321,125,2024-12-08,301.7
2322,59,2024-05-03,88.45
2323,441,2025-01-06,410.18
2324,360,2024-02-14,312.25
2325,172,2024-09-15,212.57
2326,201,2024-12-24,75.72
2327,160,2024-07-11,443.31
2328,228,2024-06-25,371.17
2329,349,2024-02-28,202.49
2330,62,2024-12-30,310.19
2331,147,2024-07-05,492.97
2332,235,2024-11-02,104.63
2333,105,2024-04-07,347.89
2334,114,2024-12-18,77.74
2335,463,2024-10-20,348.01
2336,488,2024-06-15,172.64
2337,388,2025-01-12,347.95
2338,167,2024-03-10,125.73
2339,411,2024-01-25,240.23
2340,131,2024-01-28,476.45
2341,173,2024-03-08,301.51
2342,431,2024-10-24,219.89
2343,411,2024-10-31,236.61
2344,298,2024-02-08,211.83
2345,25,2024-02-24,294.93
2346,489,2024-11-18,24.52
2347,256,2024-07-19,262.49
2348,361,2024-03-02,115.73
2349,176,2024-09-13,379.41
2350,53,2024-02-28,135.9
2351,125,2024-10-25,185.64
2352,239,2024-03-16,469.11
2353,46,2024-09-28,454.06
2354,121,2024-02-12,204.62
2355,419,2024-03-04,263.13
2356,337,2024-08-05,103.24
2357,219,2024-04-07,270.93
2358,109,2024-10-13,87.43
2359,362,2024-10-10,121.32
2360,268,2024-04-20,74.88
2361,316,2024-04-25,49.62
2362,465,2024-11-08,425.68
2363,367,2024-10-24,11.9
2364,204,2024-09-19,27.18
2365,312,2024-01-25,417.27
2366,200,2024-11-08,365.75
2367,227,2024-09-30,172.36
2368,171,2024-09-05,75.95
2369,189,2024-05-26,317.48
2370,439,2024-10-20,248.13
2371,498,2024-09-11,446.29
2372,352,2024-09-27,154.04
2373,30,2024-10-26,271.05
2374,471,2024-12-06,28.3
2375,293,2024-07-03,446.69
2376,66,2024-06-29,427.28
2377,343,2024-04-29,250.18
2378,434,2024-04-26,235.05
2379,79,2024-02-18,388.14
2380,232,2024-07-20,128.44
2381,80,2024-08-11,496.69
2382,184,2024-11-02,115.45
2383,386,2024-04-22,382.43
2384,259,2024-05-06,131.24
2385,68,2024-08-25,180.55
2386,176,2024-07-05,128.34
2387,42,2024-02-26,185.8
2388,484,2024-05-31,328.67
2389,188,2024-10-11,35.44
2390,52,2024-09-30,193.44
2391,6,2024-03-11,439.33
2392,455,2024-09-18,71.8
2393,421,2024-02-24,17.25
2394,62,2025-01-07,116.07
2395,301,2024-05-15,490.86
2396,363,2024-06-08,70.35
2397,96,2024-05-03,361.28
2398,105,2024-10-04,41.57
2399,228,2024-12-23,51.2
2400,321,2024-06-04,380.33
2401,448,2024-12-13,40.32
2402,216,2024-12-16,480.49
2403,483,2024-04-12,327.53
2404,287,2024-03-29,379.53
2405,122,2024-06-07,452.56
2406,23,2024-12-13,480.88
2407,466,2024-12-22,294.12
2408,203,2024-05-24,53.2
2409,159,2024-09-12,487.86
2410,123,2024-04-18,244.1
2411,117,2024-09-07,338.96
2412,117,2024-09-13,82.67
2413,145,2024-11-21,263.03
2414,398,2024-08-09,33.05
2415,318,2024-05-02,38.11
2416,430,2024-08-26,188.04
2417,105,2024-09-13,192.56
2418,186,2024-04-30,112.97
2419,4,2024-08-03,260.86
2420,138,2024-11-04,419.16
2421,347,2024-04-04,137.36
2422,82,2024-10-11,337.87
2423,295,2024-07-28,305.4
2424,68,2024-12-19,230.92
2425,380,2024-05-21,196.12
2426,81,2024-08-17,489.25
2427,42,2024-07-16,334.27
2428,325,2024-05-07,307.8
2429,131,2024-07-17,248.51
2430,287,2024-12-26,329.26
2431,431,2024-02-29,466.52
2432,227,2024-07-30,463.84
2433,449,2024-07-07,366.29
2434,431,2024-02-28,294.23
2435,337,2024-10-13,291.98
2436,218,2024-07-30,299.26
2437,237,2024-07-17,41.07
2438,238,2024-05-13,184.84
2439,371,2025-01-01,140.52
2440,199,2025-01-04,132.57
2441,409,2024-06-26,68.6
2442,144,2024-09-04,372.12
2443,482,2024-10-26,100.58
2444,399,2024-06-28,270.59
2445,88,2024-06-28,292.58
2446,321,2024-11-08,278.2
2447,182,2024-09-21,318.88
2448,161,2024-10-22,171.79
2449,256,2024-09-24,454.64
2450,451,2024-09-22,34.23
2451,34,2024-04-24,317.7
2452,180,2024-09-16,84.04
2453,64,2024-10-16,116.58
2454,351,2024-06-14,336.09
2455,394,2024-02-23,407.3
2456,213,2024-12-02,33.26
2457,244,2024-04-04,44.32
2458,130,2024-09-11,62.04
2459,263,2024-02-11,260.79
2460,336,2024-10-31,17.06
2461,300,2024-10-19,233.83
2462,192,2024-03-04,151.54
2463,473,2024-09-25,169.52
2464,9,2024-10-14,38.49
2465,299,2024-08-22,197.84
2466,375,2024-02-25,478.47
2467,102,2024-12-04,253.51
2468,393,2024-09-09,313.44
2469,374,2024-09-04,141.8
2470,153,2024-12-02,309.73
2471,143,2024-01-24,273.85
2472,406,2024-08-31,210.49
2473,414,2024-10-30,179.77
2474,273,2024-03-19,220.57
2475,192,2024-09-07,235.59
2476,497,2024-06-25,170.41
2477,440,2024-06-06,278.7
2478,279,2024-02-22,91.35
2479,47,2024-05-28,424.25
2480,375,2024-08-29,462.72
2481,241,2024-12-14,428.38
2482,26,2024-07-20,220.54
2483,362,2024-03-17,124.33
2484,165,2024-05-22,359.76
2485,178,2024-02-22,248.79
2486,99,2024-12-17,489.53
2487,48,2024-12-23,15.07
2488,272,2024-05-16,149.2
2489,90,2024-10-05,291.39
2490,451,2024-06-23,216.54
2491,421,2024-02-07,476.22
2492,295,2024-12-25,197.46
2493,223,2024-02-28,365.63
2494,444,2024-10-15,411.95
2495,126,2024-10-21,70.47
2496,484,2024-11-27,475.67
2497,457,2024-02-07,36.36
2498,224,2024-03-04,21.14
2499,279,2024-01-19,131.48
2500,308,2024-03-04,191.57
2501,465,2024-04-27,224.0
2502,296,2024-10-16,418.1
2503,59,2024-03-26,359.14
2504,74,2024-11-10,222.46
2505,119,2024-06-25,435.1
2506,268,2024-06-04,355.37
2507,289,2024-03-10,44.75
2508,488,2024-11-28,333.38
2509,127,2024-08-11,470.97
2510,375,2024-07-10,190.53
2511,406,2024-12-27,93.86
2512,42,2024-09-02,412.25
2513,94,2024-08-06,48.95
2514,471,2024-09-30,350.78
2515,66,2024-04-28,488.31
2516,5,2024-09-22,264.29
2517,185,2024-12-08,320.76
2518,186,2024-10-17,126.63
2519,181,2024-01-25,424.62
2520,329,2024-10-11,381.42
2521,93,2024-06-24,470.09
2522,164,2024-07-30,74.44
2523,446,2024-08-09,231.88
2524,409,2024-06-21,218.95
2525,10,2024-09-26,161.46
2526,499,2024-11-11,348.2
2527,41,2024-02-01,321.44
2528,146,2024-03-18,400.45
2529,38,2024-03-14,413.12
2530,233,2024-07-17,197.49
2531,125,2024-11-20,21.9
2532,110,2024-05-08,175.55
2533,251,2024-07-29,24.25
2534,401,2024-09-24,59.87
2535,86,2024-09-17,84.76
2536,14,2024-10-02,187.44
2537,490,2024-02-07,144.63
2538,9,2024-11-16,35.01
2539,74,2024-10-02,418.19
2540,414,2024-06-28,117.28
2541,86,2024-02-14,349.56
2542,492,2024-05-12,205.75
2543,180,2024-12-14,390.49
2544,315,2024-03-19,330.49
2545,432,2024-12-09,45.72
2546,143,2024-03-29,391.89
2547,422,2024-02-06,151.23
2548,405,2024-09-09,461.59
2549,90,2024-11-29,170.92
2550,4,2024-11-14,261.4
2551,319,2025-01-11,184.27
2552,167,2024-01-19,20.71
2553,100,2024-12-14,142.71
2554,197,2024-05-02,160.01
2555,46,2024-02-09,185.85
2556,456,2024-08-23,231.25
2557,61,2024-06-10,416.06
2558,265,2024-05-25,125.59
2559,95,2024-04-28,355.08
2560,273,2024-04-28,157.58
2561,67,2024-08-10,78.12
2562,103,2024-02-17,326.95
2563,17,2024-05-31,243.63
2564,346,2024-09-15,378.29
2565,8,2024-08-05,257.5
2566,342,2024-06-25,400.75
2567,368,2024-09-28,218.13
2568,212,2024-08-14,172.0
2569,460,2024-02-02,69.15
2570,82,2024-04-14,77.3
2571,449,2024-09-26,111.78
2572,68,2024-05-06,485.99
2573,437,2024-08-20,73.89
2574,425,2024-09-01,242.84
2575,152,2024-03-31,487.71
2576,383,2024-02-29,365.42
2577,17,2024-11-07,423.57
2578,471,2024-05-13,323.88
2579,296,2024-10-05,390.49
2580,354,2024-10-08,102.93
2581,456,2024-08-23,274.93
2582,100,2024-12-14,127.94
2583,380,2024-12-21,434.77
2584,388,2024-12-12,368.02
2585,396,2024-10-24,142.24
2586,367,2024-09-24,277.75
2587,368,2024-06-11,428.18
2588,346,2024-09-22,96.43
2589,129,2024-09-15,107.77
2590,62,2024-10-01,181.19
2591,196,2024-03-18,337.44
2592,277,2024-07-02,333.62
2593,106,2024-10-02,302.42
2594,17,2024-10-04,72.67
2595,216,2024-02-28,152.76
2596,213,2024-04-03,448.37
2597,284,2024-08-07,253.85
2598,415,2024-12-25,107.3
2599,128,2024-03-18,349.44
2600,42,2024-11-07,329.59
2601,164,2024-06-15,432.17
2602,129,2024-12-12,142.6
2603,39,2024-11-03,184.3
2604,245,2024-09-16,63.33
2605,267,2024-09-12,178.3
2606,6,2024-06-26,118.81
2607,261,2024-02-12,377.3
2608,458,2024-11-06,260.09
2609,21,2024-05-15,22.96
2610,222,2024-03-02,69.54
2611,225,2024-05-09,285.05
2612,303,2024-01-29,351.09
2613,302,2024-10-15,79.86
2614,461,2024-06-09,237.58
2615,266,2024-07-17,332.11
2616,259,2025-01-11,426.24
2617,127,2024-12-30,321.94
2618,492,2024-04-17,257.01
2619,130,2024-08-24,252.04
2620,470,2024-08-14,105.89
2621,366,2024-08-11,142.07
2622,287,2024-06-01,367.65
2623,409,2024-08-14,47.21
2624,240,2024-04-26,314.39
2625,37,2024-01-27,150.85
2626,221,2024-02-06,285.36
2627,394,2024-03-03,400.14
2628,9,2024-01-23,311.94
2629,323,2024-08-07,123.95
2630,210,2024-03-02,120.46
2631,37,2024-10-18,397.23
2632,234,2024-02-13,97.95
2633,265,2024-10-18,112.49
2634,376,2024-02-18,41.13
2635,369,2024-12-23,237.71
2636,148,2025-01-03,498.63
2637,137,2024-07-23,29.87
2638,362,2024-03-03,389.23
2639,17,2024-09-07,250.99
2640,37,2024-12-25,14.02
2641,321,2024-01-20,334.67
2642,47,2024-04-18,65.2
2643,9,2024-08-09,33.67
2644,221,2024-08-23,19.11
2645,169,2024-10-30,338.18
2646,363,2024-09-29,90.32
2647,176,2024-06-22,421.81
2648,13,2024-04-20,267.35
2649,399,2024-02-13,411.88
2650,225,2024-09-08,199.64
2651,134,2024-01-29,371.22
2652,436,2024-07-01,92.01
2653,110,2024-04-27,342.59
2654,237,2024-03-10,344.4
2655,466,2024-08-20,261.46
2656,334,2024-02-04,168.31
2657,474,2024-12-14,438.5
2658,492,2024-05-31,100.59
2659,176,2024-12-02,281.38
2660,62,2024-12-11,214.28
2661,422,2024-06-03,287.94
2662,49,2024-12-31,249.75
2663,125,2024-11-24,174.36
2664,481,2024-04-10,89.25
2665,212,2024-06-30,186.76
2666,32,2024-06-04,53.67
2667,166,2024-03-03,153.25
2668,453,2024-01-15,386.89
2669,183,2024-12-03,477.87
2670,462,2024-06-06,340.85
2671,32,2024-04-02,278.85
2672,238,2024-03-14,353.64
2673,133,2024-04-23,368.3
2674,216,2024-07-04,15.89
2675,488,2024-02-06,488.58
2676,122,2024-11-21,56.4
2677,266,2024-08-29,450.3
2678,370,2024-08-09,82.01
2679,271,2024-04-08,116.52
2680,333,2024-06-10,477.68
2681,296,2024-03-24,10.32
2682,134,2025-01-07,299.86
2683,126,2024-11-24,160.29
2684,284,2024-08-29,336.35
2685,275,2024-05-31,81.9
2686,8,2024-02-04,275.81
2687,253,2024-08-29,231.48
2688,103,2024-08-17,71.93
2689,77,2024-11-23,405.62
2690,222,2024-11-18,339.85
2691,104,2024-02-11,87.5
2692,126,2024-09-10,53.36
2693,17,2025-01-10,312.16
2694,5,2024-12-04,169.48
2695,49,2025-01-11,425.58
2696,389,2024-06-16,349.32
2697,429,2024-05-03,113.1
2698,183,2025-01-03,316.82
2699,307,2024-08-01,112.7
2700,22,2024-02-28,82.24
2701,437,2024-11-03,79.9
2702,372,2024-11-05,215.71
2703,18,2024-02-14,239.79
2704,431,2024-12-09,128.49
2705,38,2024-03-07,402.17
2706,437,2024-10-27,359.82
2707,215,2024-09-23,180.23
2708,6,2024-10-07,179.6
2709,300,2024-09-21,65.9
2710,405,2024-05-03,99.15
2711,381,2024-07-25,174.52
2712,174,2024-08-10,220.58
2713,140,2024-09-14,323.72
2714,249,2024-07-08,291.0
2715,494,2024-08-18,139.98
2716,341,2024-09-04,416.64
2717,342,2024-03-17,60.25
2718,428,2024-05-04,51.45
2719,243,2024-06-24,119.17
2720,127,2024-05-04,405.89
2721,32,2024-11-27,69.55
2722,128,2024-12-29,481.5
2723,174,2024-01-24,114.55
2724,464,2024-08-10,289.92
2725,31,2024-10-18,138.38
2726,27,2024-01-16,37.0
2727,337,2024-10-18,225.57
2728,300,2024-06-24,438.74
2729,30,2024-10-04,367.85
2730,9,2025-01-06,445.52
2731,246,2024-04-21,388.49
2732,288,2024-09-03,128.46
2733,6,2024-12-29,213.27
2734,159,2024-07-05,328.09
2735,369,2024-11-09,491.11
2736,304,2024-10-22,329.8
2737,488,2024-04-21,213.85
2738,62,2025-01-04,250.09
2739,143,2024-12-13,156.91
2740,375,2024-06-30,468.01
2741,107,2024-02-20,140.07
2742,490,2024-09-20,39.61
2743,457,2024-02-14,388.73
2744,380,2024-12-12,107.63
2745,341,2024-08-24,174.34
2746,30,2024-12-30,412.44
2747,44,2024-01-30,409.19
2748,150,2024-10-10,404.57
2749,109,2024-04-07,349.2
2750,233,2024-08-22,420.82
2751,265,2024-12-26,307.86
2752,397,2024-06-03,173.43
2753,318,2024-10-20,29.23
2754,164,2024-09-26,188.19
2755,274,2024-03-21,222.71
2756,218,2024-12-04,160.77
2757,493,2024-11-25,199.29
2758,108,2024-03-02,257.72
2759,311,2024-04-17,220.97
2760,308,2024-06-01,428.46
2761,437,2024-12-22,163.59
2762,261,2024-08-29,378.17
2763,423,2024-09-06,409.17
2764,269,2024-01-22,139.38
2765,168,2024-11-21,176.92
2766,138,2024-09-26,198.21
2767,227,2024-04-10,199.33
2768,210,2024-03-12,40.05
2769,90,2024-11-09,185.36
2770,251,2024-01-28,461.49
2771,285,2024-02-24,201.57
2772,88,2024-04-06,60.23
2773,146,2024-06-22,380.13
2774,92,2025-01-09,362.24
2775,136,2024-12-16,109.83
2776,4,2024-11-26,262.15
2777,73,2024-04-24,145.8
2778,313,2024-06-12,41.76
2779,237,2025-01-03,50.24
2780,468,2024-12-15,204.12
2781,144,2024-01-20,449.24
2782,3,2024-06-07,374.73
2783,4,2024-12-11,389.88
2784,140,2024-01-18,376.94
2785,105,2024-02-11,456.45
2786,164,2024-08-10,425.49
2787,373,2024-02-07,84.24
2788,8,2024-02-09,57.42
2789,285,2024-10-26,200.45
2790,109,2024-04-22,65.53
2791,288,2024-02-26,195.53
2792,173,2024-10-21,491.11
2793,56,2024-11-05,394.39
2794,341,2024-07-15,34.33
2795,470,2024-12-02,436.96
2796,315,2025-01-06,293.24
2797,218,2024-12-27,108.29
2798,74,2024-11-19,374.85
2799,118,2024-03-14,132.29
2800,217,2024-09-15,60.74
2801,346,2024-10-08,92.7
2802,78,2024-08-06,227.8
2803,489,2024-02-10,227.75
2804,318,2024-10-31,317.81
2805,327,2024-10-15,280.03
2806,466,2024-03-21,63.17
2807,252,2024-09-05,451.83
2808,344,2024-07-12,340.86
2809,160,2024-11-04,67.9
2810,250,2024-06-13,165.6
2811,240,2024-01-22,72.46
2812,304,2024-09-06,198.41
2813,427,2025-01-12,356.2
2814,250,2024-09-29,419.44
2815,223,2024-04-04,63.14
2816,61,2024-02-12,208.47
2817,371,2024-10-17,442.98
2818,418,2024-02-27,310.02
2819,141,2024-12-16,346.65
2820,32,2024-09-20,60.18
2821,162,2024-10-14,89.88
2822,390,2024-02-28,340.65
2823,133,2024-08-23,96.56
2824,57,2024-05-17,206.91
2825,44,2024-02-29,120.65
2826,326,2024-12-11,472.14
2827,490,2024-08-19,370.18
2828,484,2024-08-19,10.0
2829,319,2025-01-07,110.07
2830,296,2024-10-31,343.0
2831,92,2024-08-03,363.77
2832,296,2024-06-15,236.0
2833,30,2024-02-02,400.15
2834,110,2024-01-27,317.18
2835,48,2024-06-23,90.76
2836,169,2024-10-23,381.19
2837,421,2024-09-16,337.22
2838,233,2024-08-31,375.75
2839,320,2024-12-17,267.68
2840,314,2024-06-06,302.81
2841,386,2024-05-13,370.0
2842,101,2024-08-08,492.78
2843,389,2024-09-29,55.05
2844,282,2024-12-27,67.15
2845,269,2024-04-24,103.68
2846,11,2024-03-26,335.93
2847,470,2024-04-02,51.09
2848,118,2024-09-30,61.6
2849,243,2024-05-04,217.22
2850,305,2024-05-31,240.66
2851,268,2024-06-25,54.18
2852,493,2024-03-26,377.57
2853,123,2024-01-21,175.59
2854,96,2024-06-01,327.51
2855,295,2024-09-12,383.93
2856,232,2025-01-05,373.88
2857,464,2024-08-16,367.81
2858,323,2024-08-02,299.19
2859,420,2024-06-29,195.22
2860,71,2024-02-11,368.08
2861,203,2024-09-19,258.04
2862,356,2024-08-29,100.58
2863,127,2024-08-26,52.92
2864,417,2024-02-15,11.81
2865,209,2024-08-12,45.78
2866,190,2024-01-30,73.33
2867,272,2024-12-25,359.43
2868,413,2024-09-07,322.63
2869,288,2024-02-20,125.03
2870,197,2024-07-25,172.99
2871,320,2024-08-07,148.81
2872,167,2024-11-29,432.63
2873,228,2024-04-08,494.63
2874,123,2024-12-22,123.61
2875,263,2024-11-05,50.39
2876,395,2024-11-10,31.05
2877,258,2024-02-07,214.73
2878,416,2024-12-17,447.62
2879,313,2024-06-09,457.08
2880,486,2024-03-21,476.58
2881,41,2024-05-06,121.83
2882,500,2024-07-01,356.15
2883,374,2024-02-17,218.48
2884,91,2024-07-19,47.65
2885,249,2024-09-08,298.98
2886,50,2024-01-27,341.43
2887,411,2024-10-06,334.71
2888,322,2024-12-21,27.11
2889,55,2024-02-28,235.0
2890,384,2025-01-11,183.13
2891,464,2024-02-04,143.25
2892,316,2024-12-23,420.01
2893,195,2024-02-19,132.92
2894,434,2024-09-14,440.09
2895,442,2024-09-06,397.99
2896,168,2024-09-12,216.29
2897,170,2024-05-09,267.66
2898,248,2024-12-15,371.52
2899,77,2024-12-28,408.93
2900,48,2024-12-06,23.42
2901,32,2024-02-27,425.44
2902,493,2024-02-15,151.24
2903,410,2024-07-31,49.86
2904,385,2024-05-28,145.79
2905,257,2024-12-26,281.0
2906,89,2024-10-08,329.77
2907,467,2024-12-14,46.84
2908,442,2024-04-16,71.53
2909,24,2024-06-19,69.21
2910,305,2024-10-01,152.02
2911,439,2024-10-18,466.56
2912,341,2024-05-02,424.43
2913,246,2024-08-30,137.94
2914,360,2024-07-23,162.38
2915,166,2024-11-18,48.4
2916,220,2024-07-31,26.13
2917,432,2024-05-18,242.37
2918,411,2024-05-06,55.52
2919,449,2024-10-08,184.0
2920,179,2024-12-19,270.3
2921,351,2024-04-14,106.59
2922,83,2024-01-23,271.71
2923,96,2024-12-20,132.98
2924,434,2024-10-26,254.67
2925,173,2024-12-04,446.86
2926,114,2024-07-16,309.81
2927,83,2024-09-21,275.76
2928,120,2024-06-22,31.28
2929,437,2024-02-09,180.55
2930,86,2024-08-07,197.59
2931,451,2024-10-06,218.54
2932,275,2024-06-01,157.46
2933,354,2024-03-30,132.22
2934,34,2024-07-27,398.72
2935,389,2024-11-20,470.64
2936,490,2024-02-14,413.85
2937,164,2024-02-28,462.77
2938,314,2024-05-09,272.05
2939,125,2024-05-15,291.33
2940,490,2024-08-12,375.42
2941,479,2024-07-17,483.42
2942,308,2024-08-03,326.94
2943,211,2025-01-12,487.12
2944,93,2024-06-18,379.79
2945,142,2024-11-13,75.86
2946,9,2024-03-03,288.09
2947,486,2024-02-27,96.17
2948,162,2024-08-31,79.15
2949,278,2024-06-07,221.44
2950,116,2024-04-15,265.95
2951,329,2024-06-18,57.96
2952,223,2024-12-09,243.89
2953,313,2024-08-27,387.83
2954,182,2024-08-15,376.23
2955,77,2024-11-05,320.71
2956,308,2024-07-04,438.64
2957,185,2024-10-13,240.47
2958,195,2024-08-29,355.49
2959,88,2024-07-24,88.5
2960,266,2024-07-25,14.17
2961,181,2024-07-30,370.79
2962,118,2024-07-16,403.92
2963,229,2024-12-16,316.65
2964,101,2024-07-26,168.2
2965,488,2024-04-10,355.35
2966,363,2024-02-13,100.9
2967,278,2024-07-05,195.74
2968,174,2024-09-14,12.71
2969,53,2024-02-23,283.75
2970,223,2024-09-09,96.16
2971,97,2024-07-31,412.26
2972,112,2024-03-31,292.94
2973,84,2024-01-24,461.32
2974,191,2024-05-07,186.45
2975,110,2024-07-31,217.65
2976,7,2024-11-21,45.03
2977,31,2024-10-09,427.08
2978,121,2024-06-04,359.59
2979,376,2024-07-14,212.56
2980,283,2024-10-30,236.81
2981,158,2024-04-02,212.51
2982,267,2024-10-26,165.24
2983,228,2024-11-22,273.0
2984,182,2024-11-01,400.75
2985,10,2024-01-21,268.9
2986,100,2024-01-18,479.56
2987,306,2024-10-18,57.28
2988,4,2024-07-26,482.12
2989,219,2024-02-28,114.18
2990,416,2024-12-17,136.56
2991,110,2024-04-16,356.65
2992,154,2024-05-07,325.74
2993,435,2024-02-02,134.47
2994,6,2025-01-09,424.52
2995,285,2024-02-29,497.78
2996,349,2024-08-20,317.67
2997,185,2024-02-15,394.23
2998,47,2024-09-17,344.9
2999,209,2024-04-15,272.05
3000,168,2024-02-21,405.39
