Freight Order ID,Created at,Creation time,Order ID,Created by
FREIGHT - 00001,10/05/2023,12:53:43,Order - 0001,USER - 05732
FREIGHT - 00002,10/05/2023,13:54:44,Order - 0001,USER - 03676
FREIGHT - 00003,15/05/2023,10:53:32,Order - 0002,USER - 03676
FREIGHT - 00004,15/05/2023,11:04:12,Order - 0002,USER - 03676
FREIGHT - 00005,25/05/2023,11:56:20,Order - 0012,USER - 03676
FREIGHT - 00006,25/05/2023,11:58:00,Order - 0012,USER - 03676
FREIGHT - 00007,25/05/2023,13:12:56,Order - 0016,USER - 03676
FREIGHT - 00008,25/05/2023,13:14:16,Order - 0016,USER - 03676
FREIGHT - 00009,25/05/2023,13:32:02,Order - 0015,USER - 03676
FREIGHT - 00010,25/05/2023,13:32:46,Order - 0015,USER - 03676
FREIGHT - 00011,25/05/2023,15:15:07,Order - 0003,
FREIGHT - 00012,25/05/2023,15:16:56,Order - 0003,
FREIGHT - 00013,25/05/2023,15:42:53,Order - 0005,
FREIGHT - 00014,25/05/2023,15:44:42,Order - 0005,
FREIGHT - 00015,25/05/2023,16:51:39,Order - 0004,
FREIGHT - 00016,25/05/2023,16:52:32,Order - 0004,
FREIGHT - 00017,31/05/2023,13:21:20,Order - 0025,USER - 03676
FREIGHT - 00018,31/05/2023,13:41:59,Order - 0026,USER - 03676
FREIGHT - 00019,02/06/2023,11:55:04,Order - 0031,USER - 03676
FREIGHT - 00020,02/06/2023,13:23:49,Order - 0032,USER - 03676
FREIGHT - 00021,05/06/2023,12:10:33,Order - 0033,USER - 03676
FREIGHT - 00022,05/06/2023,14:43:47,Order - 0018,USER - 03676
FREIGHT - 00023,06/06/2023,11:03:30,Order - 0034,USER - 03676
FREIGHT - 00024,06/06/2023,13:09:25,Order - 0035,USER - 03676
FREIGHT - 00025,07/06/2023,08:46:26,Order - 0039,USER - 03676
FREIGHT - 00026,07/06/2023,08:57:06,Order - 0040,USER - 03676
FREIGHT - 00027,09/06/2023,09:46:04,Order - 0045,USER - 03676
FREIGHT - 00028,12/06/2023,14:35:22,Order - 0015,USER - 03676
FREIGHT - 00029,12/06/2023,14:37:55,Order - 0015,USER - 03676
FREIGHT - 00030,12/06/2023,15:49:37,Order - 0047,USER - 03676
FREIGHT - 00031,13/06/2023,13:29:50,Order - 0050,USER - 03676
FREIGHT - 00032,13/06/2023,13:47:51,Order - 0051,USER - 03676
FREIGHT - 00033,13/06/2023,13:56:58,Order - 0052,USER - 03676
FREIGHT - 00034,15/06/2023,10:22:12,Order - 0053,USER - 03676
FREIGHT - 00035,15/06/2023,10:28:43,Order - 0054,USER - 03676
FREIGHT - 00036,20/06/2023,13:06:55,Order - 0059,USER - 03676
FREIGHT - 00037,20/06/2023,13:14:49,Order - 0060,USER - 03676
FREIGHT - 00038,21/06/2023,09:33:52,Order - 0015,USER - 03676
FREIGHT - 00039,21/06/2023,09:45:56,Order - 0015,USER - 03676
FREIGHT - 00040,21/06/2023,11:09:59,Order - 0018,USER - 03676
FREIGHT - 00041,21/06/2023,15:08:38,Order - 0041,USER - 03676
FREIGHT - 00042,21/06/2023,15:10:11,Order - 0041,USER - 03676
FREIGHT - 00043,22/06/2023,13:14:23,Order - 0061,USER - 03676
FREIGHT - 00044,22/06/2023,13:24:07,Order - 0062,USER - 03676
FREIGHT - 00045,23/06/2023,09:40:07,Order - 0063,USER - 03676
FREIGHT - 00046,26/06/2023,15:39:10,Order - 0067,USER - 03676
FREIGHT - 00047,27/06/2023,14:13:52,Order - 0069,USER - 03676
FREIGHT - 00048,27/06/2023,15:55:36,Order - 0041,USER - 03676
FREIGHT - 00049,27/06/2023,15:57:05,Order - 0041,USER - 03676
FREIGHT - 00050,27/06/2023,16:23:31,Order - 0071,USER - 03676
FREIGHT - 00051,28/06/2023,13:29:27,Order - 0072,USER - 03676
FREIGHT - 00052,28/06/2023,15:27:54,Order - 0041,USER - 03676
FREIGHT - 00053,28/06/2023,15:28:45,Order - 0041,USER - 03676
FREIGHT - 00054,28/06/2023,16:05:51,Order - 0041,USER - 03676
FREIGHT - 00055,28/06/2023,16:19:12,Order - 0041,USER - 03676
FREIGHT - 00056,29/06/2023,11:05:45,Order - 0074,USER - 03676
FREIGHT - 00057,29/06/2023,11:09:11,Order - 0075,USER - 03676
FREIGHT - 00058,29/06/2023,11:13:11,Order - 0076,USER - 03676
FREIGHT - 00059,30/06/2023,12:36:08,Order - 0081,USER - 03676
FREIGHT - 00060,03/07/2023,15:24:58,Order - 0084,USER - 03676
FREIGHT - 00061,03/07/2023,15:28:57,Order - 0085,USER - 03676
FREIGHT - 00062,04/07/2023,11:14:46,Order - 0077,USER - 05724
FREIGHT - 00063,04/07/2023,12:00:15,Order - 0086,USER - 03676
FREIGHT - 00064,04/07/2023,12:03:33,Order - 0087,USER - 03676
FREIGHT - 00065,04/07/2023,12:34:33,Order - 0088,USER - 03676
FREIGHT - 00066,06/07/2023,15:53:07,Order - 0041,USER - 05724
FREIGHT - 00067,06/07/2023,15:54:38,Order - 0041,USER - 03676
FREIGHT - 00068,06/07/2023,15:58:34,Order - 0092,USER - 03676
FREIGHT - 00069,06/07/2023,16:06:07,Order - 0093,USER - 03676
FREIGHT - 00070,07/07/2023,08:30:15,Order - 0094,USER - 03676
FREIGHT - 00071,07/07/2023,08:40:06,Order - 0095,USER - 03676
FREIGHT - 00072,07/07/2023,12:11:44,Order - 0079,USER - 05724
FREIGHT - 00073,07/07/2023,13:08:02,Order - 0015,USER - 03676
FREIGHT - 00074,07/07/2023,13:09:55,Order - 0015,USER - 03676
FREIGHT - 00075,11/07/2023,09:02:59,Order - 0098,USER - 03676
FREIGHT - 00076,11/07/2023,09:09:23,Order - 0099,USER - 03676
FREIGHT - 00077,11/07/2023,12:54:02,Order - 0100,USER - 03676
FREIGHT - 00078,13/07/2023,11:36:33,Order - 0103,USER - 03676
FREIGHT - 00079,14/07/2023,10:55:16,Order - 0015,USER - 03676
FREIGHT - 00080,14/07/2023,10:56:10,Order - 0015,USER - 03676
FREIGHT - 00081,14/07/2023,11:46:08,Order - 0079,USER - 05724
FREIGHT - 00082,14/07/2023,11:58:25,Order - 0079,USER - 03676
FREIGHT - 00083,14/07/2023,12:49:06,Order - 0080,USER - 05724
FREIGHT - 00084,14/07/2023,12:59:09,Order - 0080,USER - 10696
FREIGHT - 00085,18/07/2023,09:59:13,Order - 0105,USER - 03676
FREIGHT - 00086,18/07/2023,10:02:56,Order - 0106,USER - 03676
FREIGHT - 00087,18/07/2023,10:13:26,Order - 0107,USER - 03676
FREIGHT - 00088,21/07/2023,10:43:31,Order - 0015,USER - 05724
FREIGHT - 00089,21/07/2023,10:46:21,Order - 0015,USER - 03676
FREIGHT - 00090,21/07/2023,10:56:30,Order - 0116,USER - 03676
FREIGHT - 00091,24/07/2023,13:53:57,Order - 0117,USER - 03676
FREIGHT - 00092,25/07/2023,09:10:29,Order - 0118,USER - 05724
FREIGHT - 00093,25/07/2023,14:17:40,Order - 0121,USER - 03676
FREIGHT - 00094,25/07/2023,14:33:33,Order - 0122,USER - 03676
FREIGHT - 00095,25/07/2023,14:40:31,Order - 0123,USER - 03676
FREIGHT - 00096,25/07/2023,14:45:25,Order - 0124,USER - 03676
FREIGHT - 00097,26/07/2023,12:16:23,Order - 0016,USER - 05724
FREIGHT - 00098,26/07/2023,12:17:31,Order - 0016,USER - 05724
FREIGHT - 00099,27/07/2023,09:15:24,Order - 0125,USER - 05664
FREIGHT - 00100,28/07/2023,11:40:58,Order - 0126,USER - 03676
FREIGHT - 00101,28/07/2023,11:47:12,Order - 0126,USER - 03676
FREIGHT - 00102,28/07/2023,12:10:06,Order - 0113,USER - 03676
FREIGHT - 00103,28/07/2023,12:11:19,Order - 0113,USER - 03676
FREIGHT - 00104,28/07/2023,12:47:16,Order - 0112,USER - 03676
FREIGHT - 00105,28/07/2023,12:53:37,Order - 0112,USER - 03676
FREIGHT - 00106,31/07/2023,10:52:16,Order - 0114,USER - 05724
FREIGHT - 00107,31/07/2023,11:43:56,Order - 0120,USER - 05724
FREIGHT - 00108,31/07/2023,12:52:37,Order - 0113,USER - 05724
FREIGHT - 00109,31/07/2023,13:00:18,Order - 0112,USER - 05724
FREIGHT - 00110,01/08/2023,14:31:51,Order - 0133,USER - 05664
FREIGHT - 00111,02/08/2023,12:23:59,Order - 0134,USER - 05724
FREIGHT - 00112,03/08/2023,08:17:36,Order - 0016,USER - 05724
FREIGHT - 00113,03/08/2023,08:37:03,Order - 0016,USER - 05724
FREIGHT - 00114,03/08/2023,13:20:27,Order - 0136,USER - 05664
FREIGHT - 00115,07/08/2023,09:49:54,Order - 0135,USER - 05724
FREIGHT - 00116,07/08/2023,11:10:25,Order - 0120,USER - 05724
FREIGHT - 00117,08/08/2023,12:29:44,Order - 0142,USER - 05664
FREIGHT - 00118,08/08/2023,12:38:04,Order - 0143,USER - 05664
FREIGHT - 00119,08/08/2023,12:42:31,Order - 0144,USER - 05664
FREIGHT - 00120,08/08/2023,13:15:18,Order - 0138,USER - 05724
FREIGHT - 00121,09/08/2023,14:28:03,Order - 0148,USER - 05664
FREIGHT - 00122,10/08/2023,08:33:13,Order - 0139,USER - 05724
FREIGHT - 00123,10/08/2023,10:58:27,Order - 0135,USER - 05724
FREIGHT - 00124,10/08/2023,15:02:10,Order - 0149,USER - 05664
FREIGHT - 00125,11/08/2023,10:06:13,Order - 0151,USER - 05664
FREIGHT - 00126,17/08/2023,13:00:30,Order - 0161,USER - 03676
FREIGHT - 00127,17/08/2023,13:07:44,Order - 0162,USER - 03676
FREIGHT - 00128,18/08/2023,11:59:47,Order - 0015,USER - 03676
FREIGHT - 00129,18/08/2023,12:02:43,Order - 0015,USER - 03676
FREIGHT - 00130,21/08/2023,15:23:50,Order - 0170,USER - 03676
FREIGHT - 00131,21/08/2023,16:15:31,Order - 0135,USER - 03676
FREIGHT - 00132,22/08/2023,13:13:23,Order - 0171,USER - 03676
FREIGHT - 00133,23/08/2023,09:10:40,Order - 0135,USER - 03676
FREIGHT - 00134,23/08/2023,12:39:29,Order - 0176,USER - 03676
FREIGHT - 00135,23/08/2023,15:13:38,Order - 0176,USER - 03676
FREIGHT - 00136,23/08/2023,15:15:15,Order - 0135,USER - 03676
FREIGHT - 00137,23/08/2023,15:48:38,Order - 0173,USER - 03676
FREIGHT - 00138,24/08/2023,09:28:44,Order - 0173,USER - 03676
FREIGHT - 00139,24/08/2023,13:53:45,Order - 0178,USER - 03676
FREIGHT - 00140,24/08/2023,14:55:24,Order - 0015,USER - 03676
FREIGHT - 00141,24/08/2023,14:57:41,Order - 0015,USER - 03676
FREIGHT - 00142,24/08/2023,15:03:00,Order - 0177,USER - 03676
FREIGHT - 00143,24/08/2023,15:03:27,Order - 0177,USER - 03676
FREIGHT - 00144,24/08/2023,16:05:29,Order - 0179,USER - 03676
FREIGHT - 00145,24/08/2023,16:10:11,Order - 0180,USER - 03676
FREIGHT - 00146,28/08/2023,12:43:24,Order - 0181,USER - 03676
FREIGHT - 00147,28/08/2023,12:48:23,Order - 0182,USER - 03676
FREIGHT - 00148,28/08/2023,13:17:02,Order - 0041,USER - 03676
FREIGHT - 00149,29/08/2023,09:53:08,Order - 0183,USER - 03676
FREIGHT - 00150,29/08/2023,09:58:17,Order - 0184,USER - 03676
FREIGHT - 00151,30/08/2023,14:16:12,Order - 0193,USER - 03676
FREIGHT - 00152,30/08/2023,14:22:02,Order - 0194,USER - 03676
FREIGHT - 00153,31/08/2023,11:15:19,Order - 0186,USER - 03676
FREIGHT - 00154,31/08/2023,15:22:42,Order - 0195,USER - 03676
FREIGHT - 00155,01/09/2023,08:21:30,Order - 0015,USER - 03676
FREIGHT - 00156,01/09/2023,08:22:41,Order - 0015,USER - 03676
FREIGHT - 00157,01/09/2023,09:15:49,Order - 0135,USER - 03676
FREIGHT - 00158,01/09/2023,09:42:18,Order - 0185,USER - 03676
FREIGHT - 00159,04/09/2023,11:42:17,Order - 0196,USER - 03676
FREIGHT - 00160,05/09/2023,13:07:07,Order - 0197,USER - 05664
FREIGHT - 00161,05/09/2023,13:20:22,Order - 0198,USER - 05664
FREIGHT - 00162,07/09/2023,11:20:49,Order - 0200,USER - 03676
FREIGHT - 00163,07/09/2023,11:50:21,Order - 0201,USER - 03676
FREIGHT - 00164,07/09/2023,11:53:35,Order - 0202,USER - 03676
FREIGHT - 00165,07/09/2023,14:02:31,Order - 0015,USER - 03676
FREIGHT - 00166,07/09/2023,14:03:27,Order - 0015,USER - 03676
FREIGHT - 00167,08/09/2023,08:17:46,Order - 0173,USER - 03676
FREIGHT - 00168,08/09/2023,08:19:45,Order - 0173,USER - 03676
FREIGHT - 00169,08/09/2023,08:50:49,Order - 0208,USER - 03676
FREIGHT - 00170,08/09/2023,09:14:20,Order - 0209,USER - 03676
FREIGHT - 00171,11/09/2023,12:13:23,Order - 0211,USER - 03676
FREIGHT - 00172,11/09/2023,15:30:18,Order - 0212,USER - 03676
FREIGHT - 00173,11/09/2023,15:46:41,Order - 0213,USER - 03676
FREIGHT - 00174,12/09/2023,09:45:55,Order - 0214,USER - 03676
FREIGHT - 00175,12/09/2023,09:50:09,Order - 0215,USER - 03676
FREIGHT - 00176,12/09/2023,11:42:30,Order - 0210,USER - 03676
FREIGHT - 00177,12/09/2023,16:40:34,Order - 0217,USER - 03676
FREIGHT - 00178,14/09/2023,09:26:20,Order - 0219,USER - 03676
FREIGHT - 00179,14/09/2023,09:27:46,Order - 0219,USER - 03676
FREIGHT - 00180,14/09/2023,09:34:53,Order - 0135,USER - 03676
FREIGHT - 00181,14/09/2023,09:37:33,Order - 0135,USER - 03676
FREIGHT - 00182,14/09/2023,09:50:31,Order - 0221,USER - 03676
FREIGHT - 00183,14/09/2023,10:16:21,Order - 0173,USER - 03676
FREIGHT - 00184,14/09/2023,12:46:38,Order - 0216,USER - 03676
FREIGHT - 00185,15/09/2023,11:13:56,Order - 0224,USER - 03676
FREIGHT - 00186,18/09/2023,10:28:34,Order - 0223,USER - 03676
FREIGHT - 00187,18/09/2023,10:40:10,Order - 0223,USER - 03676
FREIGHT - 00188,19/09/2023,10:15:00,Order - 0226,USER - 03676
FREIGHT - 00189,20/09/2023,08:23:56,Order - 0232,USER - 03676
FREIGHT - 00190,20/09/2023,12:09:04,Order - 0227,USER - 03676
FREIGHT - 00191,21/09/2023,11:27:52,Order - 0173,USER - 03676
FREIGHT - 00192,21/09/2023,12:34:09,Order - 0135,USER - 03676
FREIGHT - 00193,21/09/2023,13:17:47,Order - 0233,USER - 03676
FREIGHT - 00194,21/09/2023,13:22:41,Order - 0234,USER - 03676
FREIGHT - 00195,22/09/2023,11:56:03,Order - 0236,USER - 05664
FREIGHT - 00196,22/09/2023,12:44:16,Order - 0120,USER - 05724
FREIGHT - 00197,22/09/2023,12:52:29,Order - 0228,USER - 05724
FREIGHT - 00198,26/09/2023,11:05:37,Order - 0238,USER - 03676
FREIGHT - 00199,26/09/2023,11:15:00,Order - 0239,USER - 03676
FREIGHT - 00200,27/09/2023,08:27:25,Order - 0242,USER - 03676
FREIGHT - 00201,27/09/2023,10:21:56,Order - 0243,USER - 03676
FREIGHT - 00202,28/09/2023,10:01:29,Order - 0247,USER - 03676
FREIGHT - 00203,28/09/2023,10:26:34,Order - 0248,USER - 03676
FREIGHT - 00204,29/09/2023,10:16:22,Order - 0235,USER - 03676
FREIGHT - 00205,29/09/2023,10:21:09,Order - 0173,USER - 03676
FREIGHT - 00206,29/09/2023,12:42:24,Order - 0185,USER - 03676
FREIGHT - 00207,02/10/2023,11:50:47,Order - 0256,USER - 03676
FREIGHT - 00208,02/10/2023,11:56:54,Order - 0257,USER - 03676
FREIGHT - 00209,03/10/2023,09:21:13,Order - 0233,USER - 07901
FREIGHT - 00210,03/10/2023,14:17:10,Order - 0258,USER - 03676
FREIGHT - 00211,04/10/2023,10:17:05,Order - 0252,USER - 03676
FREIGHT - 00212,05/10/2023,12:50:38,Order - 0260,USER - 03676
FREIGHT - 00213,05/10/2023,12:58:04,Order - 0261,USER - 03676
FREIGHT - 00214,06/10/2023,11:59:01,Order - 0173,USER - 03676
FREIGHT - 00215,09/10/2023,12:42:39,Order - 0264,USER - 03676
FREIGHT - 00216,09/10/2023,12:53:57,Order - 0265,USER - 03676
FREIGHT - 00217,09/10/2023,13:01:17,Order - 0266,USER - 03676
FREIGHT - 00218,10/10/2023,13:48:56,Order - 0269,USER - 03676
FREIGHT - 00219,11/10/2023,13:15:35,Order - 0272,USER - 03676
FREIGHT - 00220,11/10/2023,13:20:16,Order - 0273,USER - 03676
FREIGHT - 00221,12/10/2023,12:09:52,Order - 0173,USER - 03676
FREIGHT - 00222,12/10/2023,13:37:46,Order - 0275,USER - 03676
FREIGHT - 00223,12/10/2023,13:49:59,Order - 0276,USER - 03676
FREIGHT - 00224,12/10/2023,13:57:22,Order - 0277,USER - 03676
FREIGHT - 00225,12/10/2023,14:08:59,Order - 0278,USER - 03676
FREIGHT - 00226,13/10/2023,11:00:46,Order - 0259,USER - 03676
FREIGHT - 00227,16/10/2023,09:14:31,Order - 0135,USER - 03676
FREIGHT - 00228,16/10/2023,11:14:58,Order - 0185,USER - 03676
FREIGHT - 00229,16/10/2023,15:39:31,Order - 0281,USER - 03676
FREIGHT - 00230,17/10/2023,08:20:12,Order - 0282,USER - 03676
FREIGHT - 00231,19/10/2023,10:01:36,Order - 0259,USER - 03676
FREIGHT - 00232,19/10/2023,10:24:26,Order - 0284,USER - 03676
FREIGHT - 00233,19/10/2023,10:27:52,Order - 0285,USER - 03676
FREIGHT - 00234,20/10/2023,09:34:33,Order - 0186,USER - 03676
FREIGHT - 00235,20/10/2023,11:04:56,Order - 0259,USER - 03676
FREIGHT - 00236,20/10/2023,11:53:29,Order - 0288,USER - 03676
FREIGHT - 00237,20/10/2023,11:56:39,Order - 0289,USER - 03676
FREIGHT - 00238,24/10/2023,08:53:58,Order - 0293,USER - 03676
FREIGHT - 00239,24/10/2023,09:02:55,Order - 0294,USER - 03676
FREIGHT - 00240,25/10/2023,12:04:38,Order - 0287,USER - 03676
FREIGHT - 00241,25/10/2023,15:35:55,Order - 0185,USER - 03676
FREIGHT - 00242,27/10/2023,10:29:10,Order - 0301,USER - 03676
FREIGHT - 00243,27/10/2023,10:35:42,Order - 0259,USER - 03676
FREIGHT - 00244,27/10/2023,11:01:32,Order - 0173,USER - 03676
FREIGHT - 00245,30/10/2023,14:50:50,Order - 0303,USER - 03676
FREIGHT - 00246,30/10/2023,14:53:41,Order - 0304,USER - 03676
FREIGHT - 00247,31/10/2023,08:21:56,Order - 0135,USER - 03676
FREIGHT - 00248,31/10/2023,08:33:53,Order - 0185,USER - 03676
FREIGHT - 00249,31/10/2023,11:27:45,Order - 0173,USER - 03676
FREIGHT - 00250,31/10/2023,12:14:40,Order - 0309,USER - 03676
FREIGHT - 00251,02/11/2023,10:56:54,Order - 0173,USER - 03676
FREIGHT - 00252,03/11/2023,10:02:26,Order - 0308,USER - 03676
FREIGHT - 00253,06/11/2023,13:01:48,Order - 0311,USER - 03676
FREIGHT - 00254,06/11/2023,13:05:31,Order - 0312,USER - 03676
FREIGHT - 00255,08/11/2023,09:53:56,Order - 0313,USER - 03676
FREIGHT - 00256,08/11/2023,09:56:49,Order - 0314,USER - 03676
FREIGHT - 00257,08/11/2023,10:05:30,Order - 0315,USER - 03676
FREIGHT - 00258,08/11/2023,10:23:47,Order - 0316,USER - 03676
FREIGHT - 00259,09/11/2023,12:08:52,Order - 0319,USER - 03676
FREIGHT - 00260,09/11/2023,15:06:40,Order - 0012,USER - 03676
FREIGHT - 00261,09/11/2023,15:57:00,Order - 0012,USER - 03676
FREIGHT - 00262,10/11/2023,08:19:42,Order - 0324,USER - 03676
FREIGHT - 00263,10/11/2023,08:23:42,Order - 0325,USER - 03676
FREIGHT - 00264,10/11/2023,10:02:52,Order - 0173,USER - 03676
FREIGHT - 00265,10/11/2023,11:05:21,Order - 0318,USER - 03676
FREIGHT - 00266,13/11/2023,12:00:16,Order - 0173,USER - 03676
FREIGHT - 00267,13/11/2023,12:26:54,Order - 0326,USER - 03676
FREIGHT - 00268,13/11/2023,12:33:38,Order - 0327,USER - 03676
FREIGHT - 00269,14/11/2023,09:09:53,Order - 0329,USER - 03676
FREIGHT - 00270,14/11/2023,09:15:35,Order - 0330,USER - 03676
FREIGHT - 00271,16/11/2023,10:43:49,Order - 0173,USER - 03676
FREIGHT - 00272,16/11/2023,12:24:28,Order - 0338,USER - 03676
FREIGHT - 00273,16/11/2023,12:29:48,Order - 0339,USER - 03676
FREIGHT - 00274,16/11/2023,15:28:05,Order - 0340,USER - 03676
FREIGHT - 00275,17/11/2023,08:45:53,Order - 0341,USER - 03676
FREIGHT - 00276,17/11/2023,10:21:35,Order - 0120,USER - 03676
FREIGHT - 00277,21/11/2023,14:04:22,Order - 0362,USER - 05664
FREIGHT - 00278,21/11/2023,14:12:45,Order - 0363,USER - 05664
FREIGHT - 00279,22/11/2023,13:53:38,Order - 0365,USER - 03676
FREIGHT - 00280,23/11/2023,08:28:47,Order - 0378,USER - 03676
FREIGHT - 00281,23/11/2023,09:41:33,Order - 0135,USER - 03676
FREIGHT - 00282,23/11/2023,09:54:15,Order - 0173,USER - 03676
FREIGHT - 00283,23/11/2023,12:19:30,Order - 0337,USER - 03676
FREIGHT - 00284,24/11/2023,08:20:32,Order - 0389,USER - 03676
FREIGHT - 00285,24/11/2023,11:04:18,Order - 0185,USER - 03676
FREIGHT - 00286,27/11/2023,09:29:59,Order - 0390,USER - 03676
FREIGHT - 00287,28/11/2023,09:11:59,Order - 0391,USER - 03676
FREIGHT - 00288,29/11/2023,11:22:26,Order - 0395,USER - 03676
FREIGHT - 00289,29/11/2023,11:24:58,Order - 0173,USER - 03676
FREIGHT - 00290,29/11/2023,11:36:21,Order - 0396,USER - 03676
FREIGHT - 00291,01/12/2023,08:25:54,Order - 0186,USER - 03676
FREIGHT - 00292,04/12/2023,14:53:00,Order - 0186,USER - 03676
FREIGHT - 00293,05/12/2023,11:22:19,Order - 0186,USER - 03676
FREIGHT - 00294,06/12/2023,09:16:17,Order - 0418,USER - 03676
FREIGHT - 00295,06/12/2023,09:19:09,Order - 0419,USER - 03676
FREIGHT - 00296,06/12/2023,09:21:46,Order - 0420,USER - 03676
FREIGHT - 00297,06/12/2023,11:05:15,Order - 0421,USER - 03676
FREIGHT - 00298,08/12/2023,11:14:00,Order - 0427,USER - 03676
FREIGHT - 00299,08/12/2023,11:18:29,Order - 0428,USER - 03676
FREIGHT - 00300,11/12/2023,11:57:46,Order - 0424,USER - 03676
FREIGHT - 00301,14/12/2023,11:49:01,Order - 0173,USER - 03676
FREIGHT - 00302,14/12/2023,12:12:51,Order - 0379,USER - 03676
FREIGHT - 00303,18/12/2023,12:17:52,Order - 0424,USER - 05724
FREIGHT - 00304,19/12/2023,11:45:22,Order - 0495,USER - 03676
FREIGHT - 00305,19/12/2023,13:03:28,Order - 0513,USER - 03676
FREIGHT - 00306,20/12/2023,11:31:04,Order - 0554,USER - 03676
FREIGHT - 00307,20/12/2023,11:36:07,Order - 0555,USER - 03676
FREIGHT - 00308,03/01/2024,12:19:44,Order - 0583,USER - 03676
FREIGHT - 00309,03/01/2024,14:04:41,Order - 0584,USER - 03676
FREIGHT - 00310,04/01/2024,13:23:59,Order - 0585,USER - 03676
FREIGHT - 00311,04/01/2024,13:26:45,Order - 0586,USER - 03676
FREIGHT - 00312,04/01/2024,15:09:18,Order - 0588,USER - 03676
FREIGHT - 00313,04/01/2024,15:15:25,Order - 0589,USER - 03676
FREIGHT - 00314,04/01/2024,15:18:27,Order - 0590,USER - 03676
FREIGHT - 00315,05/01/2024,11:01:17,Order - 0185,USER - 03676
FREIGHT - 00316,11/01/2024,12:27:41,Order - 0379,USER - 03676
FREIGHT - 00317,11/01/2024,14:43:59,Order - 0592,USER - 03676
FREIGHT - 00318,11/01/2024,14:46:57,Order - 0593,USER - 03676
FREIGHT - 00319,12/01/2024,08:28:08,Order - 0595,USER - 03676
FREIGHT - 00320,12/01/2024,09:53:18,Order - 0591,USER - 03676
FREIGHT - 00321,15/01/2024,13:25:58,Order - 0596,USER - 03676
FREIGHT - 00322,16/01/2024,11:06:28,Order - 0597,USER - 03676
FREIGHT - 00323,16/01/2024,11:11:30,Order - 0598,USER - 03676
FREIGHT - 00324,17/01/2024,13:43:30,Order - 0600,USER - 03676
FREIGHT - 00325,18/01/2024,09:03:36,Order - 0185,USER - 03676
FREIGHT - 00326,18/01/2024,11:46:04,Order - 0495,
FREIGHT - 00327,18/01/2024,12:51:35,Order - 0601,USER - 03676
FREIGHT - 00328,18/01/2024,13:07:35,Order - 0602,USER - 03676
FREIGHT - 00329,19/01/2024,09:27:32,Order - 0606,USER - 03676
FREIGHT - 00330,19/01/2024,13:27:38,Order - 0603,USER - 03676
FREIGHT - 00331,22/01/2024,09:28:12,Order - 0607,USER - 03676
FREIGHT - 00332,26/01/2024,11:36:28,Order - 0615,USER - 05664
FREIGHT - 00333,26/01/2024,11:42:06,Order - 0616,USER - 05664
FREIGHT - 00334,29/01/2024,12:58:44,Order - 0622,USER - 05664
FREIGHT - 00335,30/01/2024,11:47:04,Order - 0623,USER - 05664
FREIGHT - 00336,30/01/2024,11:51:39,Order - 0624,USER - 05664
FREIGHT - 00337,31/01/2024,09:43:18,Order - 0654,USER - 03676
FREIGHT - 00338,01/02/2024,15:09:20,Order - 0673,USER - 03676
FREIGHT - 00339,01/02/2024,15:14:04,Order - 0674,USER - 03676
FREIGHT - 00340,02/02/2024,09:56:32,Order - 0186,USER - 03676
FREIGHT - 00341,06/02/2024,09:42:41,Order - 0679,USER - 03676
FREIGHT - 00342,06/02/2024,10:13:51,Order - 0680,USER - 03676
FREIGHT - 00343,06/02/2024,14:45:17,Order - 0655,USER - 03676
FREIGHT - 00344,06/02/2024,14:56:26,Order - 0655,USER - 03676
FREIGHT - 00345,06/02/2024,15:48:07,Order - 0379,USER - 03676
FREIGHT - 00346,07/02/2024,13:41:08,Order - 0684,USER - 03676
FREIGHT - 00347,07/02/2024,13:43:14,Order - 0685,USER - 03676
FREIGHT - 00348,08/02/2024,08:37:28,Order - 0686,USER - 03676
FREIGHT - 00349,08/02/2024,09:24:09,Order - 0688,USER - 03676
FREIGHT - 00350,08/02/2024,12:10:19,Order - 0135,USER - 03676
FREIGHT - 00351,09/02/2024,12:28:35,Order - 0696,USER - 03676
FREIGHT - 00352,09/02/2024,12:43:32,Order - 0695,USER - 03676
FREIGHT - 00353,13/02/2024,11:26:08,Order - 0701,USER - 03676
FREIGHT - 00354,13/02/2024,11:43:30,Order - 0702,USER - 03676
FREIGHT - 00355,13/02/2024,15:17:45,Order - 0703,USER - 03676
FREIGHT - 00356,15/02/2024,12:49:17,Order - 0379,
FREIGHT - 00357,16/02/2024,12:20:20,Order - 0012,USER - 03676
FREIGHT - 00358,16/02/2024,12:48:14,Order - 0739,USER - 03676
FREIGHT - 00359,16/02/2024,12:52:58,Order - 0740,USER - 03676
FREIGHT - 00360,19/02/2024,13:59:59,Order - 0741,USER - 03676
FREIGHT - 00361,20/02/2024,13:03:38,Order - 0746,USER - 03676
FREIGHT - 00362,20/02/2024,13:06:24,Order - 0748,USER - 03676
FREIGHT - 00363,20/02/2024,14:55:05,Order - 0749,USER - 03676
FREIGHT - 00364,21/02/2024,11:56:45,Order - 0767,USER - 03676
FREIGHT - 00365,22/02/2024,08:36:16,Order - 0768,USER - 03676
FREIGHT - 00366,22/02/2024,11:51:01,Order - 0785,USER - 03676
FREIGHT - 00367,22/02/2024,11:55:11,Order - 0786,USER - 03676
FREIGHT - 00368,22/02/2024,13:06:42,Order - 0687,USER - 07760
FREIGHT - 00369,23/02/2024,10:52:07,Order - 0787,USER - 03676
FREIGHT - 00370,23/02/2024,11:30:51,Order - 0379,USER - 03676
FREIGHT - 00371,26/02/2024,15:04:51,Order - 0789,USER - 03676
FREIGHT - 00372,27/02/2024,09:55:12,Order - 0790,USER - 03676
FREIGHT - 00373,27/02/2024,10:01:29,Order - 0791,USER - 03676
FREIGHT - 00374,27/02/2024,10:40:14,Order - 0792,USER - 03676
FREIGHT - 00375,27/02/2024,12:33:11,Order - 0793,USER - 03676
FREIGHT - 00376,27/02/2024,12:36:38,Order - 0794,USER - 03676
FREIGHT - 00377,29/02/2024,12:22:27,Order - 0795,USER - 03676
FREIGHT - 00378,29/02/2024,13:58:52,Order - 0809,USER - 03676
FREIGHT - 00379,01/03/2024,11:57:29,Order - 0768,USER - 03676
FREIGHT - 00380,01/03/2024,12:03:22,Order - 0818,USER - 03676
FREIGHT - 00381,01/03/2024,12:06:05,Order - 0819,USER - 03676
FREIGHT - 00382,04/03/2024,11:56:53,Order - 0820,USER - 03676
FREIGHT - 00383,04/03/2024,12:00:44,Order - 0821,USER - 03676
FREIGHT - 00384,05/03/2024,08:10:24,Order - 0822,USER - 03676
FREIGHT - 00385,05/03/2024,08:17:12,Order - 0823,USER - 03676
FREIGHT - 00386,07/03/2024,08:18:49,Order - 0838,USER - 03676
FREIGHT - 00387,07/03/2024,08:21:51,Order - 0839,USER - 03676
FREIGHT - 00388,08/03/2024,08:24:28,Order - 0843,USER - 03676
FREIGHT - 00389,11/03/2024,08:21:14,Order - 0844,USER - 03676
FREIGHT - 00390,12/03/2024,14:11:57,Order - 0845,USER - 05664
FREIGHT - 00391,12/03/2024,14:21:04,Order - 0846,USER - 05664
FREIGHT - 00392,14/03/2024,12:18:10,Order - 0379,USER - 03676
FREIGHT - 00393,14/03/2024,13:45:32,Order - 0848,USER - 03676
FREIGHT - 00394,14/03/2024,13:48:34,Order - 0849,USER - 03676
FREIGHT - 00395,14/03/2024,15:09:40,Order - 0851,USER - 03676
FREIGHT - 00396,14/03/2024,15:30:50,Order - 0852,USER - 03676
FREIGHT - 00397,14/03/2024,15:35:08,Order - 0853,USER - 03676
FREIGHT - 00398,15/03/2024,12:46:33,Order - 0854,USER - 03676
FREIGHT - 00399,18/03/2024,15:10:38,Order - 0861,USER - 03676
FREIGHT - 00400,18/03/2024,15:19:47,Order - 0862,USER - 03676
FREIGHT - 00401,18/03/2024,15:24:09,Order - 0863,USER - 03676
FREIGHT - 00402,19/03/2024,09:25:39,Order - 0864,USER - 03676
FREIGHT - 00403,20/03/2024,10:03:47,Order - 0887,USER - 03676
FREIGHT - 00404,20/03/2024,10:58:19,Order - 0888,USER - 03676
FREIGHT - 00405,21/03/2024,13:10:32,Order - 0379,USER - 05724
FREIGHT - 00406,22/03/2024,09:52:36,Order - 0841,USER - 03676
FREIGHT - 00407,22/03/2024,11:47:02,Order - 0911,USER - 03676
FREIGHT - 00408,22/03/2024,14:19:32,Order - 0912,USER - 03676
FREIGHT - 00409,22/03/2024,14:25:16,Order - 0913,USER - 03676
FREIGHT - 00410,22/03/2024,14:27:52,Order - 0914,USER - 03676
FREIGHT - 00411,25/03/2024,13:26:49,Order - 0915,USER - 05664
FREIGHT - 00412,25/03/2024,13:36:22,Order - 0916,USER - 05664
FREIGHT - 00413,25/03/2024,13:43:41,Order - 0917,USER - 05664
FREIGHT - 00414,27/03/2024,08:22:10,Order - 0768,USER - 03676
FREIGHT - 00415,27/03/2024,08:30:05,Order - 0911,USER - 03676
FREIGHT - 00416,27/03/2024,14:52:44,Order - 0934,USER - 03676
FREIGHT - 00417,27/03/2024,14:56:48,Order - 0935,USER - 03676
FREIGHT - 00418,27/03/2024,15:02:16,Order - 0936,USER - 03676
FREIGHT - 00419,27/03/2024,15:07:40,Order - 0937,USER - 03676
FREIGHT - 00420,27/03/2024,15:20:28,Order - 0938,USER - 03676
FREIGHT - 00421,02/04/2024,09:14:06,Order - 0947,USER - 03676
FREIGHT - 00422,02/04/2024,09:19:30,Order - 0948,USER - 03676
FREIGHT - 00423,03/04/2024,15:31:40,Order - 0951,USER - 03676
FREIGHT - 00424,03/04/2024,15:34:43,Order - 0952,USER - 03676
FREIGHT - 00425,03/04/2024,15:38:45,Order - 0953,USER - 03676
FREIGHT - 00426,04/04/2024,12:09:03,Order - 0379,USER - 03676
FREIGHT - 00427,04/04/2024,12:10:00,Order - 0379,USER - 03676
FREIGHT - 00428,04/04/2024,13:18:55,Order - 0984,USER - 03676
FREIGHT - 00429,08/04/2024,15:22:25,Order - 0987,USER - 03676
FREIGHT - 00430,09/04/2024,12:33:00,Order - 0942,USER - 03676
FREIGHT - 00431,09/04/2024,12:35:18,Order - 0942,USER - 03676
FREIGHT - 00432,09/04/2024,14:45:20,Order - 0988,USER - 03676
FREIGHT - 00433,09/04/2024,14:47:50,Order - 0989,USER - 03676
FREIGHT - 00434,10/04/2024,11:52:13,Order - 0994,USER - 03676
FREIGHT - 00435,11/04/2024,12:11:37,Order - 0850,USER - 03676
FREIGHT - 00436,11/04/2024,13:44:41,Order - 0993,USER - 03676
FREIGHT - 00437,11/04/2024,15:24:54,Order - 1013,USER - 03676
FREIGHT - 00438,15/04/2024,10:19:39,Order - 1022,USER - 03676
FREIGHT - 00439,15/04/2024,10:27:35,Order - 1023,USER - 03676
FREIGHT - 00440,15/04/2024,11:08:51,Order - 1024,USER - 03676
FREIGHT - 00441,15/04/2024,13:07:23,Order - 1025,USER - 03676
FREIGHT - 00442,16/04/2024,11:35:01,Order - 1026,USER - 03676
FREIGHT - 00443,16/04/2024,14:54:34,Order - 1017,USER - 03676
FREIGHT - 00444,17/04/2024,11:05:54,Order - 1039,USER - 03676
FREIGHT - 00445,17/04/2024,11:07:00,Order - 1039,USER - 03676
FREIGHT - 00446,17/04/2024,14:51:41,Order - 1040,USER - 03676
FREIGHT - 00447,17/04/2024,14:57:32,Order - 1041,USER - 03676
FREIGHT - 00448,17/04/2024,15:03:27,Order - 1042,USER - 03676
FREIGHT - 00449,17/04/2024,15:06:53,Order - 1043,USER - 03676
FREIGHT - 00450,18/04/2024,12:06:27,Order - 0850,USER - 03676
FREIGHT - 00451,18/04/2024,13:29:41,Order - 1044,USER - 03676
FREIGHT - 00452,22/04/2024,13:36:17,Order - 1048,USER - 03676
FREIGHT - 00453,22/04/2024,13:51:53,Order - 1049,USER - 03676
FREIGHT - 00454,23/04/2024,13:02:24,Order - 1050,USER - 03676
FREIGHT - 00455,24/04/2024,14:56:09,Order - 1039,USER - 03676
FREIGHT - 00456,25/04/2024,10:46:02,Order - 1064,USER - 03676
FREIGHT - 00457,25/04/2024,10:50:34,Order - 1065,USER - 03676
FREIGHT - 00458,29/04/2024,08:22:18,Order - 0768,USER - 03676
FREIGHT - 00459,29/04/2024,08:39:42,Order - 1066,USER - 03676
FREIGHT - 00460,29/04/2024,13:45:45,Order - 1039,USER - 03676
FREIGHT - 00461,29/04/2024,14:51:44,Order - 1070,USER - 03676
FREIGHT - 00462,08/05/2024,08:20:26,Order - 1039,USER - 03676
FREIGHT - 00463,08/05/2024,11:57:51,Order - 0850,USER - 03676
FREIGHT - 00464,09/05/2024,13:24:51,Order - 1118,USER - 03676
FREIGHT - 00465,09/05/2024,13:27:58,Order - 1119,USER - 03676
FREIGHT - 00466,10/05/2024,13:26:27,Order - 1125,USER - 03676
FREIGHT - 00467,10/05/2024,13:30:34,Order - 1126,USER - 03676
FREIGHT - 00468,14/05/2024,11:24:19,Order - 1097,USER - 03676
FREIGHT - 00469,14/05/2024,12:32:08,Order - 1129,USER - 03676
FREIGHT - 00470,14/05/2024,12:39:35,Order - 1130,USER - 03676
FREIGHT - 00471,15/05/2024,13:06:35,Order - 1133,USER - 03676
FREIGHT - 00472,15/05/2024,14:07:22,Order - 1066,USER - 03676
FREIGHT - 00473,16/05/2024,12:52:06,Order - 1160,USER - 03676
FREIGHT - 00474,17/05/2024,08:46:48,Order - 0854,USER - 03676
FREIGHT - 00475,17/05/2024,09:03:35,Order - 1162,USER - 03676
FREIGHT - 00476,21/05/2024,15:46:02,Order - 1170,USER - 03676
FREIGHT - 00477,21/05/2024,15:49:53,Order - 1172,USER - 03676
FREIGHT - 00478,23/05/2024,11:53:20,Order - 1191,USER - 03676
FREIGHT - 00479,24/05/2024,11:00:50,Order - 1192,USER - 03676
FREIGHT - 00480,24/05/2024,11:08:09,Order - 1193,USER - 03676
FREIGHT - 00481,24/05/2024,12:25:01,Order - 1190,USER - 03676
FREIGHT - 00482,24/05/2024,12:36:19,Order - 1062,USER - 03676
FREIGHT - 00483,24/05/2024,13:39:20,Order - 1194,USER - 03676
FREIGHT - 00484,27/05/2024,11:44:49,Order - 1197,USER - 03676
FREIGHT - 00485,27/05/2024,11:46:42,Order - 1198,USER - 03676
FREIGHT - 00486,29/05/2024,13:35:11,Order - 1200,USER - 03676
FREIGHT - 00487,04/06/2024,13:53:56,Order - 1218,USER - 03676
FREIGHT - 00488,04/06/2024,13:56:41,Order - 1219,USER - 03676
FREIGHT - 00489,05/06/2024,09:52:31,Order - 1234,USER - 03676
FREIGHT - 00490,05/06/2024,09:59:27,Order - 1235,USER - 03676
FREIGHT - 00491,06/06/2024,15:34:56,Order - 1238,USER - 03676
FREIGHT - 00492,11/06/2024,11:33:43,Order - 1244,USER - 03676
FREIGHT - 00493,11/06/2024,11:48:05,Order - 1245,USER - 03676
FREIGHT - 00494,11/06/2024,15:00:57,Order - 1240,USER - 03676
FREIGHT - 00495,12/06/2024,11:41:39,Order - 1261,USER - 03676
FREIGHT - 00496,12/06/2024,11:48:51,Order - 1262,USER - 03676
FREIGHT - 00497,12/06/2024,14:56:25,Order - 1263,USER - 03676
FREIGHT - 00498,12/06/2024,15:00:06,Order - 0768,USER - 03676
FREIGHT - 00499,12/06/2024,15:08:17,Order - 0768,USER - 03676
FREIGHT - 00500,12/06/2024,16:25:54,Order - 1189,USER - 03676
FREIGHT - 00501,13/06/2024,08:37:51,Order - 1264,USER - 03676
FREIGHT - 00502,13/06/2024,13:26:54,Order - 1267,USER - 03676
FREIGHT - 00503,13/06/2024,13:31:33,Order - 1268,USER - 03676
FREIGHT - 00504,17/06/2024,13:45:49,Order - 1269,USER - 03676
FREIGHT - 00505,19/06/2024,15:33:48,Order - 1282,USER - 03676
FREIGHT - 00506,19/06/2024,15:36:41,Order - 1283,USER - 03676
FREIGHT - 00507,19/06/2024,15:41:33,Order - 1284,USER - 03676
FREIGHT - 00508,20/06/2024,11:10:43,Order - 0850,USER - 03676
FREIGHT - 00509,20/06/2024,12:07:08,Order - 1189,USER - 03676
FREIGHT - 00510,24/06/2024,09:58:49,Order - 1302,USER - 03676
FREIGHT - 00511,24/06/2024,10:03:14,Order - 1303,USER - 03676
FREIGHT - 00512,25/06/2024,11:59:23,Order - 1304,USER - 03676
FREIGHT - 00513,25/06/2024,12:02:55,Order - 1305,USER - 03676
FREIGHT - 00514,25/06/2024,12:06:28,Order - 1306,USER - 03676
FREIGHT - 00515,26/06/2024,09:45:19,Order - 1308,USER - 03676
FREIGHT - 00516,26/06/2024,10:02:20,Order - 0854,USER - 03676
FREIGHT - 00517,26/06/2024,11:07:50,Order - 0768,USER - 03676
FREIGHT - 00518,26/06/2024,11:59:34,Order - 1309,USER - 03676
FREIGHT - 00519,26/06/2024,12:33:36,Order - 1310,USER - 03676
FREIGHT - 00520,27/06/2024,08:40:47,Order - 1311,USER - 03676
FREIGHT - 00521,28/06/2024,08:32:32,Order - 1275,USER - 03676
FREIGHT - 00522,01/07/2024,14:42:24,Order - 1334,USER - 03676
FREIGHT - 00523,02/07/2024,12:13:27,Order - 1335,USER - 03676
FREIGHT - 00524,03/07/2024,15:12:08,Order - 1362,USER - 03676
FREIGHT - 00525,04/07/2024,09:39:53,Order - 1363,USER - 03676
FREIGHT - 00526,04/07/2024,09:43:20,Order - 1364,USER - 03676
FREIGHT - 00527,05/07/2024,08:37:04,Order - 1365,USER - 03676
FREIGHT - 00528,09/07/2024,11:13:42,Order - 1240,USER - 03676
FREIGHT - 00529,09/07/2024,11:18:52,Order - 1189,USER - 03676
FREIGHT - 00530,09/07/2024,14:59:53,Order - 1369,USER - 03676
FREIGHT - 00531,09/07/2024,15:03:25,Order - 1370,USER - 03676
FREIGHT - 00532,10/07/2024,12:54:56,Order - 1387,USER - 03676
FREIGHT - 00533,10/07/2024,12:56:06,Order - 1388,USER - 03676
FREIGHT - 00534,12/07/2024,11:32:12,Order - 1392,USER - 03676
FREIGHT - 00535,12/07/2024,13:15:15,Order - 1393,USER - 03676
FREIGHT - 00536,15/07/2024,15:13:28,Order - 1394,USER - 03676
FREIGHT - 00537,16/07/2024,14:03:24,Order - 1395,USER - 03676
FREIGHT - 00538,16/07/2024,14:12:10,Order - 1396,USER - 03676
FREIGHT - 00539,17/07/2024,12:35:31,Order - 1399,USER - 05664
FREIGHT - 00540,17/07/2024,12:41:52,Order - 1400,USER - 05664
FREIGHT - 00541,19/07/2024,11:53:59,Order - 1425,USER - 05664
FREIGHT - 00542,23/07/2024,13:14:56,Order - 1432,USER - 05664
FREIGHT - 00543,23/07/2024,13:49:43,Order - 1433,USER - 05664
FREIGHT - 00544,23/07/2024,13:55:05,Order - 1435,USER - 05664
FREIGHT - 00545,24/07/2024,14:23:37,Order - 1437,USER - 05664
FREIGHT - 00546,24/07/2024,14:29:41,Order - 1438,USER - 05664
FREIGHT - 00547,24/07/2024,14:34:36,Order - 1439,USER - 05664
FREIGHT - 00548,25/07/2024,11:10:10,Order - 1440,USER - 05664
FREIGHT - 00549,30/07/2024,12:51:25,Order - 1275,USER - 10696
FREIGHT - 00550,30/07/2024,13:49:43,Order - 1445,USER - 05664
FREIGHT - 00551,30/07/2024,13:54:59,Order - 1446,USER - 05664
FREIGHT - 00552,30/07/2024,14:06:38,Order - 1447,USER - 05664
FREIGHT - 00553,02/08/2024,09:43:07,Order - 0768,USER - 05724
FREIGHT - 00554,02/08/2024,13:15:29,Order - 1480,USER - 05664
FREIGHT - 00555,02/08/2024,13:26:11,Order - 1481,USER - 05664
FREIGHT - 00556,07/08/2024,11:56:41,Order - 0768,USER - 05724
FREIGHT - 00557,08/08/2024,11:05:30,Order - 1240,USER - 03676
FREIGHT - 00558,14/08/2024,15:08:21,Order - 1521,USER - 03676
FREIGHT - 00559,14/08/2024,15:48:56,Order - 1522,USER - 03676
FREIGHT - 00560,14/08/2024,15:53:31,Order - 1523,USER - 03676
FREIGHT - 00561,14/08/2024,15:59:52,Order - 1524,USER - 03676
FREIGHT - 00562,20/08/2024,12:19:59,Order - 1527,USER - 03676
FREIGHT - 00563,20/08/2024,13:37:55,Order - 1275,USER - 03676
FREIGHT - 00564,21/08/2024,15:18:35,Order - 1530,USER - 03676
FREIGHT - 00565,21/08/2024,15:22:39,Order - 1531,USER - 03676
FREIGHT - 00566,22/08/2024,09:29:54,Order - 1554,USER - 03676
FREIGHT - 00567,26/08/2024,12:54:37,Order - 1555,USER - 03676
FREIGHT - 00568,26/08/2024,13:08:49,Order - 1556,USER - 03676
FREIGHT - 00569,26/08/2024,13:14:52,Order - 1557,USER - 03676
FREIGHT - 00570,27/08/2024,09:22:58,Order - 1558,USER - 03676
FREIGHT - 00571,29/08/2024,11:00:07,Order - 1571,USER - 03676
FREIGHT - 00572,30/08/2024,09:22:01,Order - 1275,USER - 03676
FREIGHT - 00573,30/08/2024,11:32:35,Order - 1312,USER - 03676
FREIGHT - 00574,04/09/2024,15:03:53,Order - 1596,USER - 03676
FREIGHT - 00575,05/09/2024,09:42:51,Order - 1597,USER - 03676
FREIGHT - 00576,09/09/2024,08:40:11,Order - 1275,USER - 03676
FREIGHT - 00577,11/09/2024,08:49:15,Order - 1608,USER - 03676
FREIGHT - 00578,13/09/2024,10:41:45,Order - 1597,USER - 03676
FREIGHT - 00579,16/09/2024,13:46:45,Order - 1624,USER - 03676
FREIGHT - 00580,17/09/2024,14:56:46,Order - 1597,USER - 03676
FREIGHT - 00581,24/09/2024,10:50:29,Order - 1275,USER - 03676
FREIGHT - 00582,26/09/2024,14:23:32,Order - 1664,USER - 03676
FREIGHT - 00583,26/09/2024,14:53:10,Order - 1665,USER - 03676
FREIGHT - 00584,26/09/2024,15:01:41,Order - 1666,USER - 03676
FREIGHT - 00585,26/09/2024,15:05:05,Order - 1667,USER - 03676
FREIGHT - 00586,26/09/2024,15:12:00,Order - 1668,USER - 03676
FREIGHT - 00587,26/09/2024,15:16:16,Order - 1670,USER - 03676
FREIGHT - 00588,26/09/2024,15:22:09,Order - 1671,USER - 03676
FREIGHT - 00589,26/09/2024,15:24:04,Order - 1672,USER - 03676
FREIGHT - 00590,26/09/2024,15:35:34,Order - 1674,USER - 03676
FREIGHT - 00591,26/09/2024,15:38:16,Order - 1675,USER - 03676
FREIGHT - 00592,26/09/2024,15:40:25,Order - 1676,USER - 03676
FREIGHT - 00593,26/09/2024,15:43:57,Order - 1677,USER - 03676
FREIGHT - 00594,26/09/2024,16:00:13,Order - 1673,USER - 03676
FREIGHT - 00595,27/09/2024,09:20:45,Order - 1597,USER - 03676
FREIGHT - 00596,27/09/2024,11:04:25,Order - 1679,USER - 03676
FREIGHT - 00597,27/09/2024,11:34:46,Order - 1662,USER - 03676
FREIGHT - 00598,30/09/2024,12:44:56,Order - 1682,USER - 03676
FREIGHT - 00599,30/09/2024,12:54:02,Order - 1683,USER - 03676
FREIGHT - 00600,01/10/2024,11:33:40,Order - 1684,USER - 03676
FREIGHT - 00601,03/10/2024,12:27:09,Order - 1597,USER - 03676
FREIGHT - 00602,03/10/2024,13:19:02,Order - 1691,USER - 03676
FREIGHT - 00603,08/10/2024,08:35:54,Order - 1597,USER - 03676
FREIGHT - 00604,08/10/2024,13:20:47,Order - 1719,USER - 03676
FREIGHT - 00605,09/10/2024,10:49:46,Order - 0854,USER - 03676
FREIGHT - 00606,09/10/2024,11:06:38,Order - 0792,USER - 03676
FREIGHT - 00607,09/10/2024,13:26:41,Order - 1718,USER - 03676
FREIGHT - 00608,10/10/2024,15:26:07,Order - 1736,USER - 03676
FREIGHT - 00609,10/10/2024,15:35:51,Order - 1737,USER - 03676
FREIGHT - 00610,14/10/2024,09:54:01,Order - 1738,USER - 03676
FREIGHT - 00611,15/10/2024,09:40:03,Order - 1748,USER - 03676
FREIGHT - 00612,15/10/2024,09:45:55,Order - 1749,USER - 03676
FREIGHT - 00613,16/10/2024,13:11:22,Order - 0768,USER - 03676
FREIGHT - 00614,16/10/2024,13:15:05,Order - 0854,USER - 03676
FREIGHT - 00615,16/10/2024,15:33:55,Order - 1753,USER - 03676
FREIGHT - 00616,17/10/2024,08:29:48,Order - 1754,USER - 03676
FREIGHT - 00617,17/10/2024,08:38:53,Order - 1755,USER - 03676
FREIGHT - 00618,17/10/2024,11:48:00,Order - 1756,USER - 03676
FREIGHT - 00619,17/10/2024,11:50:38,Order - 1757,USER - 03676
FREIGHT - 00620,18/10/2024,09:15:00,Order - 1669,USER - 03676
FREIGHT - 00621,18/10/2024,11:01:13,Order - 1765,USER - 03676
FREIGHT - 00622,21/10/2024,13:43:17,Order - 1766,USER - 03676
FREIGHT - 00623,22/10/2024,11:32:54,Order - 1767,USER - 03676
FREIGHT - 00624,22/10/2024,11:41:36,Order - 1768,USER - 03676
FREIGHT - 00625,22/10/2024,11:44:29,Order - 1770,USER - 03676
FREIGHT - 00626,25/10/2024,11:47:40,Order - 1805,USER - 03676
FREIGHT - 00627,25/10/2024,11:53:12,Order - 1806,USER - 03676
FREIGHT - 00628,28/10/2024,12:46:49,Order - 1811,USER - 03676
FREIGHT - 00629,28/10/2024,12:52:30,Order - 1812,USER - 03676
FREIGHT - 00630,29/10/2024,09:19:04,Order - 1814,USER - 03676
FREIGHT - 00631,29/10/2024,09:35:10,Order - 1810,USER - 03676
FREIGHT - 00632,04/11/2024,10:51:51,Order - 1858,USER - 03676
FREIGHT - 00633,04/11/2024,10:56:17,Order - 1859,USER - 03676
FREIGHT - 00634,05/11/2024,09:13:16,Order - 1861,USER - 03676
FREIGHT - 00635,07/11/2024,12:42:02,Order - 1878,USER - 03676
FREIGHT - 00636,08/11/2024,09:48:18,Order - 0768,USER - 03676
FREIGHT - 00637,12/11/2024,11:24:40,Order - 1876,USER - 03676
FREIGHT - 00638,12/11/2024,13:33:07,Order - 1884,USER - 03676
FREIGHT - 00639,12/11/2024,13:36:12,Order - 1885,USER - 03676
FREIGHT - 00640,12/11/2024,13:39:12,Order - 1886,USER - 03676
FREIGHT - 00641,13/11/2024,11:44:00,Order - 1863,USER - 03676
FREIGHT - 00642,13/11/2024,11:59:08,Order - 1902,USER - 03676
FREIGHT - 00643,13/11/2024,13:02:36,Order - 1903,USER - 03676
FREIGHT - 00644,15/11/2024,11:31:24,Order - 1906,USER - 03676
FREIGHT - 00645,15/11/2024,11:36:55,Order - 1907,USER - 03676
FREIGHT - 00646,19/11/2024,10:01:24,Order - 1915,USER - 03676
FREIGHT - 00647,19/11/2024,10:58:51,Order - 1916,USER - 03676
FREIGHT - 00648,19/11/2024,11:08:10,Order - 1917,USER - 03676
FREIGHT - 00649,19/11/2024,11:16:01,Order - 1918,USER - 03676
FREIGHT - 00650,20/11/2024,10:54:48,Order - 1919,USER - 03676
FREIGHT - 00651,20/11/2024,11:56:35,Order - 1921,USER - 03676
FREIGHT - 00652,21/11/2024,11:16:28,Order - 1765,USER - 03676
FREIGHT - 00653,21/11/2024,11:25:04,Order - 1935,USER - 03676
FREIGHT - 00654,22/11/2024,10:49:42,Order - 0768,USER - 03676
FREIGHT - 00655,06/12/2024,09:03:22,Order - 1669,USER - 03676
FREIGHT - 00656,06/12/2024,09:10:39,Order - 0768,USER - 03676
FREIGHT - 00657,18/12/2024,11:32:10,Order - 0792,USER - 05724
FREIGHT - 00658,18/12/2024,12:04:59,Order - 1876,USER - 05724
