Order ID,Invoice Date,Invoice ID,Created by,Payment date,Payment booked by,Customer ID
Order - 0001,10/05/2023 22:11,Invoice - 001,USER - 07897,2023-09-27,USER - 07897,CUST - 001
Order - 0002,15/05/2023 22:04,Invoice - 002,USER - 07897,2023-07-14,USER - 07897,CUST - 002
Order - 0012,25/05/2023 22:00,Invoice - 003,USER - 07897,2023-06-21,USER - 07897,CUST - 005
Order - 0016,25/05/2023 22:07,Invoice - 004,USER - 07897,2023-07-24,USER - 07897,CUST - 002
Order - 0003,26/05/2023 11:40,Invoice - 005,USER - 04201,2023-09-13,USER - 04201,CUST - 003
Order - 0004,26/05/2023 11:45,Invoice - 006,USER - 04201,2023-09-13,USER - 04201,CUST - 003
Order - 0005,26/05/2023 11:47,Invoice - 007,USER - 04201,2023-09-13,USER - 04201,CUST - 003
Order - 0025,31/05/2023 13:25,Invoice - 008,USER - 04201,2023-06-29,USER - 04201,CUST - 011
Order - 0026,31/05/2023 22:02,Invoice - 009,USER - 07897,2023-06-29,USER - 04201,CUST - 011
Order - 0031,02/06/2023 22:04,Invoice - 010,USER - 07897,2023-07-31,USER - 07897,CUST - 011
Order - 0032,02/06/2023 22:04,Invoice - 011,USER - 07897,2023-07-31,USER - 04201,CUST - 011
Order - 0033,05/06/2023 22:06,Invoice - 012,USER - 07897,2023-06-15,USER - 07897,CUST - 011
Order - 0018,06/06/2023 22:00,Invoice - 013,USER - 07897,2023-07-19,USER - 07897,CUST - 005
Order - 0035,06/06/2023 22:05,Invoice - 014,USER - 07897,2023-07-05,USER - 07897,CUST - 011
Order - 0039,07/06/2023 22:04,Invoice - 015,USER - 07897,2023-07-05,USER - 07897,CUST - 011
Order - 0040,07/06/2023 22:04,Invoice - 016,USER - 07897,2023-07-12,USER - 07897,CUST - 011
Order - 0045,09/06/2023 22:07,Invoice - 017,USER - 07897,2023-07-31,USER - 07897,CUST - 011
Order - 0047,12/06/2023 22:05,Invoice - 018,USER - 07897,2023-07-31,USER - 07897,CUST - 011
Order - 0034,13/06/2023 22:00,Invoice - 019,USER - 07897,2023-07-21,USER - 07897,CUST - 007
Order - 0050,13/06/2023 22:03,Invoice - 020,USER - 07897,2023-07-12,USER - 07897,CUST - 011
Order - 0051,13/06/2023 22:03,Invoice - 021,USER - 07897,2023-07-12,USER - 07897,CUST - 011
Order - 0052,13/06/2023 22:03,Invoice - 022,USER - 07897,2023-07-12,USER - 07897,CUST - 011
Order - 0053,19/06/2023 22:07,Invoice - 023,USER - 07897,2023-07-21,USER - 07897,CUST - 011
Order - 0054,19/06/2023 22:07,Invoice - 024,USER - 07897,2023-07-21,USER - 07897,CUST - 011
Order - 0059,20/06/2023 22:08,Invoice - 025,USER - 07897,2023-07-21,USER - 07897,CUST - 011
Order - 0060,20/06/2023 22:08,Invoice - 026,USER - 07897,2023-07-19,USER - 07897,CUST - 011
Order - 0018,21/06/2023 22:00,Invoice - 027,USER - 07897,2023-07-19,USER - 07897,CUST - 005
Order - 0041,21/06/2023 22:00,Invoice - 028,USER - 07897,2023-08-16,USER - 07897,CUST - 005
Order - 0061,22/06/2023 22:09,Invoice - 029,USER - 07897,2023-07-26,USER - 07897,CUST - 011
Order - 0062,22/06/2023 22:09,Invoice - 030,USER - 07897,2023-07-26,USER - 07897,CUST - 011
Order - 0063,23/06/2023 22:10,Invoice - 031,USER - 07897,2023-07-31,USER - 07897,CUST - 011
Order - 0067,26/06/2023 22:05,Invoice - 032,USER - 07897,2023-07-26,USER - 07897,CUST - 011
Order - 0041,27/06/2023 22:00,Invoice - 033,USER - 07897,2023-08-16,USER - 07897,CUST - 005
Order - 0069,27/06/2023 22:02,Invoice - 034,USER - 07897,2023-07-26,USER - 07897,CUST - 011
Order - 0071,27/06/2023 22:02,Invoice - 035,USER - 07897,2023-07-26,USER - 07897,CUST - 011
Order - 0041,28/06/2023 22:00,Invoice - 036,USER - 07897,2023-08-16,USER - 07897,CUST - 005
Order - 0041,28/06/2023 22:00,Invoice - 037,USER - 07897,2023-08-16,USER - 07897,CUST - 005
Order - 0072,28/06/2023 22:02,Invoice - 038,USER - 07897,2023-07-31,USER - 07897,CUST - 011
Order - 0074,29/06/2023 22:08,Invoice - 039,USER - 07897,2023-07-31,USER - 07897,CUST - 011
Order - 0075,29/06/2023 22:08,Invoice - 040,USER - 07897,2023-07-31,USER - 07897,CUST - 011
Order - 0076,29/06/2023 22:08,Invoice - 041,USER - 07897,2023-07-31,USER - 07897,CUST - 011
Order - 0081,30/06/2023 22:05,Invoice - 042,USER - 07897,2023-07-31,USER - 07897,CUST - 011
Order - 0015,03/07/2023 11:41,Invoice - 043,USER - 04201,2024-01-12,USER - 04201,CUST - 001
Order - 0015,03/07/2023 11:41,Invoice - 044,USER - 04201,2023-09-27,USER - 04201,CUST - 001
Order - 0015,03/07/2023 11:41,Invoice - 045,USER - 04201,,,CUST - 001
Order - 0084,03/07/2023 22:06,Invoice - 046,USER - 07897,2023-08-08,USER - 07897,CUST - 011
Order - 0085,03/07/2023 22:06,Invoice - 047,USER - 07897,2023-08-03,USER - 07897,CUST - 011
Order - 0077,04/07/2023 11:23,Invoice - 048,USER - 04201,2023-11-13,USER - 04201,CUST - 013
Order - 0086,04/07/2023 22:00,Invoice - 049,USER - 07897,2023-08-03,USER - 07897,CUST - 011
Order - 0087,04/07/2023 22:00,Invoice - 050,USER - 07897,2023-08-03,USER - 07897,CUST - 011
Order - 0088,04/07/2023 22:00,Invoice - 051,USER - 07897,2023-08-31,USER - 07897,CUST - 011
Order - 0041,06/07/2023 22:00,Invoice - 052,USER - 07897,2023-08-16,USER - 07897,CUST - 005
Order - 0092,06/07/2023 22:00,Invoice - 053,USER - 07897,2023-08-31,USER - 07897,CUST - 011
Order - 0093,06/07/2023 22:00,Invoice - 054,USER - 07897,2023-08-08,USER - 07897,CUST - 011
Order - 0079,07/07/2023 22:00,Invoice - 055,USER - 07897,2023-08-16,USER - 07897,CUST - 005
Order - 0094,07/07/2023 22:03,Invoice - 056,USER - 07897,2023-08-31,USER - 07897,CUST - 011
Order - 0095,07/07/2023 22:03,Invoice - 057,USER - 07897,2023-08-31,USER - 07897,CUST - 011
Order - 0100,11/07/2023 12:56,Invoice - 058,USER - 04201,2023-08-17,USER - 04201,CUST - 011
Order - 0098,11/07/2023 22:07,Invoice - 059,USER - 07897,2023-08-17,USER - 07897,CUST - 011
Order - 0099,11/07/2023 22:07,Invoice - 060,USER - 07897,2023-08-17,USER - 07897,CUST - 011
Order - 0015,12/07/2023 22:05,Invoice - 061,USER - 07897,2023-09-27,USER - 07897,CUST - 001
Order - 0103,13/07/2023 22:03,Invoice - 062,USER - 07897,2023-08-31,USER - 07897,CUST - 011
Order - 0079,14/07/2023 22:00,Invoice - 063,USER - 07897,2023-08-16,USER - 07897,CUST - 005
Order - 0080,14/07/2023 22:00,Invoice - 064,USER - 07897,2023-08-16,USER - 07897,CUST - 005
Order - 0015,14/07/2023 22:11,Invoice - 065,USER - 07897,,,CUST - 001
Order - 0105,18/07/2023 22:15,Invoice - 066,USER - 07897,2023-08-09,USER - 07897,CUST - 011
Order - 0106,18/07/2023 22:15,Invoice - 067,USER - 07897,2023-08-31,USER - 07897,CUST - 011
Order - 0107,18/07/2023 22:15,Invoice - 068,USER - 07897,2023-08-31,USER - 07897,CUST - 011
Order - 0116,21/07/2023 22:00,Invoice - 069,USER - 07897,2023-08-31,USER - 07897,CUST - 011
Order - 0015,21/07/2023 22:02,Invoice - 070,USER - 07897,,,CUST - 001
Order - 0117,24/07/2023 22:01,Invoice - 071,USER - 07897,2023-08-31,USER - 07897,CUST - 011
Order - 0118,25/07/2023 22:00,Invoice - 072,USER - 07897,2023-08-16,USER - 07897,CUST - 005
Order - 0121,25/07/2023 22:02,Invoice - 073,USER - 07897,2023-08-31,USER - 07897,CUST - 011
Order - 0122,25/07/2023 22:02,Invoice - 074,USER - 07897,2023-08-09,USER - 07897,CUST - 011
Order - 0123,25/07/2023 22:02,Invoice - 075,USER - 07897,2024-01-26,USER - 07897,CUST - 011
Order - 0124,25/07/2023 22:02,Invoice - 076,USER - 07897,2023-08-09,USER - 07897,CUST - 011
Order - 0016,26/07/2023 22:05,Invoice - 077,USER - 07897,2023-09-22,USER - 07897,CUST - 002
Order - 0125,27/07/2023 22:00,Invoice - 078,USER - 07897,2023-08-31,USER - 07897,CUST - 011
Order - 0112,28/07/2023 22:00,Invoice - 079,USER - 07897,2023-07-28,USER - 07897,CUST - 005
Order - 0113,28/07/2023 22:00,Invoice - 080,USER - 07897,2023-07-28,USER - 07897,CUST - 005
Order - 0126,28/07/2023 22:00,Invoice - 081,USER - 07897,2023-09-20,USER - 04201,CUST - 005
Order - 0112,31/07/2023 22:00,Invoice - 082,USER - 07897,2023-07-31,USER - 07897,CUST - 005
Order - 0113,31/07/2023 22:00,Invoice - 083,USER - 07897,2023-07-31,USER - 07897,CUST - 005
Order - 0114,31/07/2023 22:00,Invoice - 084,USER - 07897,2023-09-20,USER - 04201,CUST - 005
Order - 0120,31/07/2023 22:00,Invoice - 085,USER - 07897,2023-07-31,USER - 07897,CUST - 005
Order - 0133,01/08/2023 22:00,Invoice - 086,USER - 07897,2023-08-09,USER - 07897,CUST - 011
Order - 0134,02/08/2023 12:36,Invoice - 087,USER - 04201,2023-09-22,USER - 04201,CUST - 007
Order - 0136,03/08/2023 22:00,Invoice - 088,USER - 07897,2023-08-30,USER - 07897,CUST - 011
Order - 0016,03/08/2023 22:03,Invoice - 089,USER - 07897,2023-10-03,USER - 07897,CUST - 002
Order - 0138,08/08/2023 13:39,Invoice - 090,USER - 04201,2023-09-28,USER - 04201,CUST - 016
Order - 0139,08/08/2023 22:00,Invoice - 091,USER - 07897,,,CUST - 005
Order - 0142,08/08/2023 22:00,Invoice - 092,USER - 07897,2023-09-06,USER - 07897,CUST - 011
Order - 0143,08/08/2023 22:00,Invoice - 093,USER - 07897,2023-09-06,USER - 07897,CUST - 011
Order - 0144,08/08/2023 22:00,Invoice - 094,USER - 07897,2023-09-07,USER - 07897,CUST - 011
Order - 0148,09/08/2023 22:00,Invoice - 095,USER - 07897,2023-08-09,USER - 07897,CUST - 011
Order - 0139,10/08/2023 22:00,Invoice - 096,USER - 07897,2023-09-20,USER - 07897,CUST - 005
Order - 0120,10/08/2023 22:00,Invoice - 097,USER - 07897,2023-09-20,USER - 07897,CUST - 005
Order - 0135,10/08/2023 22:00,Invoice - 098,USER - 07897,2023-09-20,USER - 07897,CUST - 005
Order - 0135,10/08/2023 22:00,Invoice - 099,USER - 07897,2023-09-20,USER - 07897,CUST - 005
Order - 0149,10/08/2023 22:05,Invoice - 100,USER - 07897,2023-09-07,USER - 07897,CUST - 011
Order - 0151,11/08/2023 22:00,Invoice - 101,USER - 07897,2023-09-27,USER - 07897,CUST - 011
Order - 0161,17/08/2023 22:08,Invoice - 102,USER - 07897,2023-09-14,USER - 07897,CUST - 011
Order - 0162,17/08/2023 22:08,Invoice - 103,USER - 07897,2023-09-14,USER - 07897,CUST - 011
Order - 0148,21/08/2023 22:16,Invoice - 104,USER - 07897,2023-08-09,USER - 07897,CUST - 011
Order - 0170,21/08/2023 22:16,Invoice - 105,USER - 07897,2023-09-27,USER - 07897,CUST - 011
Order - 0148,22/08/2023 15:33,Invoice - 106,USER - 04201,2023-09-06,USER - 04201,CUST - 011
Order - 0135,23/08/2023 07:37,Invoice - 107,USER - 04201,2023-09-20,USER - 04201,CUST - 005
Order - 0171,23/08/2023 07:43,Invoice - 108,USER - 04201,2023-09-21,USER - 04201,CUST - 011
Order - 0176,23/08/2023 09:35,Invoice - 109,USER - 04201,2023-09-15,USER - 04201,CUST - 024
Order - 0135,23/08/2023 09:40,Invoice - 110,USER - 04201,2023-09-20,USER - 04201,CUST - 005
Order - 0176,23/08/2023 12:56,Invoice - 111,USER - 04201,,,CUST - 024
Order - 0173,24/08/2023 15:03,Invoice - 112,USER - 04201,2023-10-25,USER - 04201,CUST - 023
Order - 0178,24/08/2023 15:03,Invoice - 113,USER - 04201,2023-09-27,USER - 04201,CUST - 011
Order - 0179,24/08/2023 22:00,Invoice - 114,USER - 07897,2023-10-19,USER - 07897,CUST - 011
Order - 0180,24/08/2023 22:00,Invoice - 115,USER - 07897,2023-09-28,USER - 07897,CUST - 011
Order - 0015,25/08/2023 22:08,Invoice - 116,USER - 07897,2023-11-30,USER - 07897,CUST - 001
Order - 0177,25/08/2023 22:08,Invoice - 117,USER - 07897,2023-10-24,USER - 07897,CUST - 001
Order - 0041,28/08/2023 22:00,Invoice - 118,USER - 07897,2023-09-20,USER - 07897,CUST - 005
Order - 0181,28/08/2023 22:04,Invoice - 119,USER - 07897,2023-09-21,USER - 07897,CUST - 011
Order - 0182,28/08/2023 22:04,Invoice - 120,USER - 07897,2023-09-28,USER - 07897,CUST - 011
Order - 0183,29/08/2023 22:00,Invoice - 121,USER - 07897,2023-09-28,USER - 07897,CUST - 011
Order - 0184,29/08/2023 22:00,Invoice - 122,USER - 07897,2023-09-28,USER - 07897,CUST - 011
Order - 0193,30/08/2023 22:00,Invoice - 123,USER - 07897,2023-09-21,USER - 07897,CUST - 011
Order - 0194,30/08/2023 22:00,Invoice - 124,USER - 07897,2023-09-21,USER - 07897,CUST - 011
Order - 0015,30/08/2023 22:02,Invoice - 125,USER - 07897,2023-11-30,USER - 07897,CUST - 001
Order - 0186,31/08/2023 13:55,Invoice - 126,USER - 04201,2023-09-20,USER - 04201,CUST - 005
Order - 0195,31/08/2023 15:38,Invoice - 127,USER - 04201,2023-09-27,USER - 04201,CUST - 011
Order - 0139,01/09/2023 08:14,Invoice - 128,USER - 04201,2023-09-20,USER - 04201,CUST - 005
Order - 0015,02/09/2023 22:20,Invoice - 129,USER - 07897,2023-10-31,USER - 07897,CUST - 001
Order - 0185,04/09/2023 22:00,Invoice - 130,USER - 07897,2023-10-18,USER - 07897,CUST - 005
Order - 0196,04/09/2023 22:08,Invoice - 131,USER - 07897,2023-10-26,USER - 07897,CUST - 011
Order - 0197,05/09/2023 22:07,Invoice - 132,USER - 07897,2023-10-05,USER - 07897,CUST - 011
Order - 0198,05/09/2023 22:07,Invoice - 133,USER - 07897,2023-10-05,USER - 07897,CUST - 011
Order - 0200,07/09/2023 22:07,Invoice - 134,USER - 07897,2023-10-12,USER - 07897,CUST - 011
Order - 0201,07/09/2023 22:07,Invoice - 135,USER - 07897,2023-10-26,USER - 07897,CUST - 011
Order - 0202,07/09/2023 22:07,Invoice - 136,USER - 07897,2023-10-30,USER - 07897,CUST - 011
Order - 0173,08/09/2023 12:43,Invoice - 137,USER - 04201,2023-11-08,USER - 04201,CUST - 023
Order - 0208,08/09/2023 12:43,Invoice - 138,USER - 04201,2023-10-26,USER - 04201,CUST - 011
Order - 0209,08/09/2023 12:43,Invoice - 139,USER - 04201,2023-10-30,USER - 04201,CUST - 011
Order - 0015,08/09/2023 22:11,Invoice - 140,USER - 07897,,,CUST - 001
Order - 0211,11/09/2023 22:00,Invoice - 141,USER - 07897,2023-10-12,USER - 07897,CUST - 011
Order - 0212,11/09/2023 22:00,Invoice - 142,USER - 07897,2023-10-26,USER - 07897,CUST - 011
Order - 0213,11/09/2023 22:00,Invoice - 143,USER - 07897,2023-10-30,USER - 07897,CUST - 011
Order - 0214,12/09/2023 11:20,Invoice - 144,USER - 04201,2023-10-12,USER - 04201,CUST - 011
Order - 0215,12/09/2023 11:20,Invoice - 145,USER - 04201,2023-10-12,USER - 04201,CUST - 011
Order - 0217,12/09/2023 22:05,Invoice - 146,USER - 07897,2023-09-12,USER - 07897,CUST - 011
Order - 0210,12/09/2023 22:14,Invoice - 147,USER - 07897,2023-10-05,USER - 07897,CUST - 028
Order - 0216,14/09/2023 12:53,Invoice - 148,USER - 04201,2023-10-12,USER - 04201,CUST - 011
Order - 0217,14/09/2023 12:53,Invoice - 149,USER - 04201,2023-09-12,USER - 04201,CUST - 011
Order - 0221,14/09/2023 12:53,Invoice - 150,USER - 04201,2023-10-26,USER - 04201,CUST - 011
Order - 0173,14/09/2023 13:02,Invoice - 151,USER - 04201,2023-11-14,USER - 04201,CUST - 023
Order - 0219,14/09/2023 13:02,Invoice - 152,USER - 04201,2023-10-18,USER - 04201,CUST - 005
Order - 0176,15/09/2023 08:30,Invoice - 153,USER - 04201,,,CUST - 024
Order - 0217,15/09/2023 11:24,Invoice - 154,USER - 04201,2023-11-08,USER - 04201,CUST - 011
Order - 0224,15/09/2023 22:09,Invoice - 155,USER - 07897,2023-10-26,USER - 07897,CUST - 011
Order - 0135,18/09/2023 22:00,Invoice - 156,USER - 07897,2023-10-18,USER - 07897,CUST - 005
Order - 0135,18/09/2023 22:00,Invoice - 157,USER - 07897,2023-10-18,USER - 07897,CUST - 005
Order - 0223,18/09/2023 22:30,Invoice - 158,USER - 07897,2023-11-20,USER - 07897,CUST - 002
Order - 0227,19/09/2023 22:00,Invoice - 159,USER - 07897,2023-10-18,USER - 07897,CUST - 005
Order - 0226,19/09/2023 22:05,Invoice - 160,USER - 07897,2023-10-26,USER - 07897,CUST - 011
Order - 0227,20/09/2023 22:00,Invoice - 161,USER - 07897,2023-10-18,USER - 07897,CUST - 005
Order - 0232,20/09/2023 22:06,Invoice - 162,USER - 07897,2023-10-31,USER - 07897,CUST - 011
Order - 0135,21/09/2023 16:31,Invoice - 163,USER - 04201,2023-10-18,USER - 04201,CUST - 005
Order - 0173,21/09/2023 16:31,Invoice - 164,USER - 04201,2023-11-21,USER - 04201,CUST - 023
Order - 0233,21/09/2023 16:31,Invoice - 165,USER - 04201,2023-10-26,USER - 04201,CUST - 011
Order - 0234,21/09/2023 16:31,Invoice - 166,USER - 04201,2023-10-31,USER - 04201,CUST - 011
Order - 0228,22/09/2023 22:00,Invoice - 167,USER - 07897,2023-10-18,USER - 07897,CUST - 005
Order - 0235,22/09/2023 22:00,Invoice - 168,USER - 07897,2023-10-18,USER - 07897,CUST - 005
Order - 0120,22/09/2023 22:00,Invoice - 169,USER - 07897,2023-10-18,USER - 07897,CUST - 005
Order - 0236,22/09/2023 22:06,Invoice - 170,USER - 07897,2023-10-26,USER - 07897,CUST - 011
Order - 0238,26/09/2023 22:12,Invoice - 171,USER - 07897,2023-11-02,USER - 07897,CUST - 011
Order - 0239,26/09/2023 22:12,Invoice - 172,USER - 07897,2023-11-02,USER - 07897,CUST - 011
Order - 0242,27/09/2023 13:56,Invoice - 173,USER - 04201,2023-10-13,USER - 04201,CUST - 011
Order - 0243,27/09/2023 13:56,Invoice - 174,USER - 04201,2023-10-31,USER - 04201,CUST - 011
Order - 0247,28/09/2023 22:10,Invoice - 175,USER - 07897,2023-10-26,USER - 07897,CUST - 011
Order - 0248,28/09/2023 22:10,Invoice - 176,USER - 07897,2023-10-26,USER - 07897,CUST - 011
Order - 0185,29/09/2023 22:00,Invoice - 177,USER - 07897,2023-10-18,USER - 07897,CUST - 005
Order - 0235,29/09/2023 22:00,Invoice - 178,USER - 07897,2023-10-18,USER - 07897,CUST - 005
Order - 0173,29/09/2023 22:24,Invoice - 179,USER - 07897,2023-11-29,USER - 07897,CUST - 023
Order - 0256,02/10/2023 22:10,Invoice - 180,USER - 07897,2023-11-02,USER - 07897,CUST - 011
Order - 0257,02/10/2023 22:10,Invoice - 181,USER - 07897,2023-11-02,USER - 07897,CUST - 011
Order - 0258,03/10/2023 22:00,Invoice - 182,USER - 07897,2023-11-29,USER - 07897,CUST - 011
Order - 0252,04/10/2023 10:53,Invoice - 183,USER - 04201,2024-01-22,USER - 04201,CUST - 032
Order - 0260,05/10/2023 22:12,Invoice - 184,USER - 07897,2023-11-29,USER - 07897,CUST - 011
Order - 0261,05/10/2023 22:12,Invoice - 185,USER - 07897,2023-11-08,USER - 07897,CUST - 011
Order - 0173,06/10/2023 22:21,Invoice - 186,USER - 07897,2023-12-06,USER - 07897,CUST - 023
Order - 0264,09/10/2023 22:00,Invoice - 187,USER - 07897,2023-11-08,USER - 07897,CUST - 011
Order - 0265,09/10/2023 22:00,Invoice - 188,USER - 07897,2023-11-15,USER - 07897,CUST - 011
Order - 0266,09/10/2023 22:00,Invoice - 189,USER - 07897,2023-11-08,USER - 07897,CUST - 011
Order - 0269,10/10/2023 22:16,Invoice - 190,USER - 07897,2023-11-08,USER - 07897,CUST - 011
Order - 0272,11/10/2023 22:11,Invoice - 191,USER - 07897,2023-11-08,USER - 07897,CUST - 011
Order - 0273,11/10/2023 22:11,Invoice - 192,USER - 07897,2023-11-29,USER - 07897,CUST - 011
Order - 0278,12/10/2023 14:11,Invoice - 193,USER - 04201,2023-11-08,USER - 04201,CUST - 011
Order - 0173,12/10/2023 14:12,Invoice - 194,USER - 04201,2023-12-27,USER - 04201,CUST - 023
Order - 0275,12/10/2023 14:12,Invoice - 195,USER - 04201,2023-11-29,USER - 04201,CUST - 011
Order - 0276,12/10/2023 14:12,Invoice - 196,USER - 04201,2023-11-29,USER - 04201,CUST - 011
Order - 0277,12/10/2023 14:12,Invoice - 197,USER - 04201,2023-11-24,USER - 04201,CUST - 011
Order - 0259,13/10/2023 11:10,Invoice - 198,USER - 10897,2024-01-22,USER - 10897,CUST - 032
Order - 0135,16/10/2023 22:00,Invoice - 199,USER - 07897,2023-11-15,USER - 07897,CUST - 005
Order - 0185,16/10/2023 22:00,Invoice - 200,USER - 07897,2023-11-15,USER - 07897,CUST - 005
Order - 0281,16/10/2023 22:24,Invoice - 201,USER - 07897,2023-11-15,USER - 07897,CUST - 011
Order - 0282,17/10/2023 22:09,Invoice - 202,USER - 07897,2023-11-15,USER - 07897,CUST - 011
Order - 0259,19/10/2023 10:05,Invoice - 203,USER - 08479,2024-01-22,USER - 08479,CUST - 032
Order - 0284,19/10/2023 22:09,Invoice - 204,USER - 07897,2023-11-29,USER - 07897,CUST - 011
Order - 0285,19/10/2023 22:09,Invoice - 205,USER - 07897,2023-11-23,USER - 07897,CUST - 011
Order - 0259,20/10/2023 11:15,Invoice - 206,USER - 04201,2024-01-22,USER - 04201,CUST - 032
Order - 0186,20/10/2023 11:21,Invoice - 207,USER - 04201,2023-11-15,USER - 04201,CUST - 005
Order - 0288,20/10/2023 22:15,Invoice - 208,USER - 07897,2023-11-29,USER - 07897,CUST - 011
Order - 0289,20/10/2023 22:15,Invoice - 209,USER - 07897,2023-11-23,USER - 07897,CUST - 011
Order - 0293,24/10/2023 22:15,Invoice - 210,USER - 07897,2023-11-29,USER - 07897,CUST - 011
Order - 0294,24/10/2023 22:15,Invoice - 211,USER - 07897,2023-11-29,USER - 07897,CUST - 011
Order - 0287,25/10/2023 22:00,Invoice - 212,USER - 07897,2023-11-15,USER - 07897,CUST - 005
Order - 0185,25/10/2023 22:00,Invoice - 213,USER - 07897,2023-12-13,USER - 07897,CUST - 005
Order - 0259,27/10/2023 11:35,Invoice - 214,USER - 08479,2024-01-22,USER - 08479,CUST - 032
Order - 0301,27/10/2023 22:21,Invoice - 215,USER - 07897,2023-11-29,USER - 07897,CUST - 011
Order - 0173,27/10/2023 22:33,Invoice - 216,USER - 07897,2023-12-27,USER - 07897,CUST - 023
Order - 0303,30/10/2023 22:31,Invoice - 217,USER - 07897,2023-11-29,USER - 07897,CUST - 011
Order - 0304,30/10/2023 22:31,Invoice - 218,USER - 07897,2023-11-29,USER - 07897,CUST - 011
Order - 0135,31/10/2023 14:43,Invoice - 219,USER - 04201,2023-11-15,USER - 04201,CUST - 005
Order - 0173,31/10/2023 14:43,Invoice - 220,USER - 04201,2023-12-28,USER - 04201,CUST - 023
Order - 0185,31/10/2023 14:43,Invoice - 221,USER - 04201,2023-11-15,USER - 04201,CUST - 005
Order - 0309,31/10/2023 14:43,Invoice - 222,USER - 04201,2023-11-29,USER - 04201,CUST - 011
Order - 0173,02/11/2023 22:26,Invoice - 223,USER - 07897,2023-12-29,USER - 07897,CUST - 023
Order - 0308,03/11/2023 10:08,Invoice - 224,USER - 08479,2024-01-31,USER - 08479,CUST - 032
Order - 0311,06/11/2023 22:27,Invoice - 225,USER - 07897,2023-12-29,USER - 07897,CUST - 011
Order - 0312,06/11/2023 22:27,Invoice - 226,USER - 07897,2023-12-07,USER - 07897,CUST - 011
Order - 0313,08/11/2023 22:06,Invoice - 227,USER - 07897,2023-12-07,USER - 07897,CUST - 011
Order - 0314,08/11/2023 22:06,Invoice - 228,USER - 07897,2023-12-07,USER - 07897,CUST - 011
Order - 0315,08/11/2023 22:06,Invoice - 229,USER - 07897,2023-12-14,USER - 07897,CUST - 011
Order - 0316,08/11/2023 22:06,Invoice - 230,USER - 07897,2023-12-07,USER - 07897,CUST - 011
Order - 0012,09/11/2023 22:00,Invoice - 231,USER - 07897,2023-12-13,USER - 07897,CUST - 005
Order - 0319,09/11/2023 22:19,Invoice - 232,USER - 07897,2023-12-07,USER - 07897,CUST - 011
Order - 0318,10/11/2023 22:00,Invoice - 233,USER - 07897,2023-12-13,USER - 07897,CUST - 005
Order - 0324,10/11/2023 22:24,Invoice - 234,USER - 07897,2023-12-07,USER - 07897,CUST - 011
Order - 0325,10/11/2023 22:24,Invoice - 235,USER - 07897,2023-12-29,USER - 07897,CUST - 011
Order - 0173,10/11/2023 22:43,Invoice - 236,USER - 07897,2024-01-10,USER - 07897,CUST - 023
Order - 0326,13/11/2023 22:29,Invoice - 237,USER - 07897,2023-12-13,USER - 07897,CUST - 011
Order - 0327,13/11/2023 22:29,Invoice - 238,USER - 07897,2023-12-20,USER - 07897,CUST - 011
Order - 0173,13/11/2023 22:48,Invoice - 239,USER - 07897,2024-01-15,USER - 07897,CUST - 023
Order - 0329,14/11/2023 22:24,Invoice - 240,USER - 07897,2023-12-13,USER - 07897,CUST - 011
Order - 0330,14/11/2023 22:24,Invoice - 241,USER - 07897,2023-12-29,USER - 07897,CUST - 011
Order - 0173,16/11/2023 11:24,Invoice - 242,USER - 04201,2024-01-16,USER - 04201,CUST - 023
Order - 0338,16/11/2023 14:35,Invoice - 243,USER - 04201,2023-12-29,USER - 04201,CUST - 011
Order - 0339,16/11/2023 14:35,Invoice - 244,USER - 04201,2023-12-20,USER - 04201,CUST - 011
Order - 0340,16/11/2023 22:00,Invoice - 245,USER - 07897,2023-12-13,USER - 07897,CUST - 011
Order - 0120,17/11/2023 22:00,Invoice - 246,USER - 07897,2023-12-13,USER - 07897,CUST - 005
Order - 0341,17/11/2023 22:50,Invoice - 247,USER - 07897,2023-12-20,USER - 07897,CUST - 011
Order - 0362,21/11/2023 22:00,Invoice - 248,USER - 07897,2023-12-29,USER - 07897,CUST - 011
Order - 0363,21/11/2023 22:00,Invoice - 249,USER - 07897,2024-01-03,USER - 07897,CUST - 011
Order - 0365,22/11/2023 22:31,Invoice - 250,USER - 07897,2023-12-20,USER - 07897,CUST - 011
Order - 0337,23/11/2023 22:00,Invoice - 251,USER - 07897,2023-12-13,USER - 07897,CUST - 005
Order - 0337,23/11/2023 22:00,Invoice - 252,USER - 07897,,,CUST - 005
Order - 0135,23/11/2023 22:00,Invoice - 253,USER - 07897,2023-12-13,USER - 07897,CUST - 005
Order - 0378,23/11/2023 22:06,Invoice - 254,USER - 07897,2023-12-20,USER - 07897,CUST - 011
Order - 0173,23/11/2023 22:24,Invoice - 255,USER - 07897,2024-01-23,USER - 07897,CUST - 023
Order - 0185,24/11/2023 22:00,Invoice - 256,USER - 07897,2023-12-13,USER - 07897,CUST - 005
Order - 0389,24/11/2023 22:28,Invoice - 257,USER - 07897,2023-12-14,USER - 07897,CUST - 011
Order - 0390,27/11/2023 22:28,Invoice - 258,USER - 07897,2024-01-03,USER - 07897,CUST - 011
Order - 0391,28/11/2023 22:06,Invoice - 259,USER - 07897,2024-01-03,USER - 07897,CUST - 011
Order - 0395,29/11/2023 22:25,Invoice - 260,USER - 07897,2023-12-29,USER - 07897,CUST - 011
Order - 0396,29/11/2023 22:25,Invoice - 261,USER - 07897,2024-01-11,USER - 07897,CUST - 011
Order - 0173,29/11/2023 22:51,Invoice - 262,USER - 07897,2024-01-29,USER - 07897,CUST - 023
Order - 0337,01/12/2023 08:18,Invoice - 263,USER - 04201,2023-12-13,USER - 04201,CUST - 005
Order - 0186,01/12/2023 22:00,Invoice - 264,USER - 07897,2023-12-01,USER - 07897,CUST - 005
Order - 0186,04/12/2023 22:00,Invoice - 265,USER - 07897,2023-12-04,USER - 07897,CUST - 005
Order - 0186,05/12/2023 22:00,Invoice - 266,USER - 07897,2023-12-05,USER - 07897,CUST - 005
Order - 0418,06/12/2023 22:11,Invoice - 267,USER - 07897,2024-01-03,USER - 07897,CUST - 011
Order - 0419,06/12/2023 22:11,Invoice - 268,USER - 07897,2024-01-03,USER - 07897,CUST - 011
Order - 0420,06/12/2023 22:11,Invoice - 269,USER - 07897,2024-01-03,USER - 07897,CUST - 011
Order - 0421,06/12/2023 22:11,Invoice - 270,USER - 07897,2024-01-08,USER - 07897,CUST - 011
Order - 0427,08/12/2023 22:16,Invoice - 271,USER - 07897,2024-01-25,USER - 07897,CUST - 011
Order - 0428,08/12/2023 22:16,Invoice - 272,USER - 07897,2024-01-11,USER - 07897,CUST - 011
Order - 0424,11/12/2023 12:06,Invoice - 273,USER - 08479,2024-01-31,USER - 08479,CUST - 032
Order - 0173,14/12/2023 22:37,Invoice - 274,USER - 07897,,,CUST - 023
Order - 0379,14/12/2023 22:37,Invoice - 275,USER - 07897,,,CUST - 023
Order - 0424,18/12/2023 12:59,Invoice - 276,USER - 04201,2024-01-31,USER - 04201,CUST - 032
Order - 0495,19/12/2023 22:00,Invoice - 277,USER - 07897,2024-01-17,USER - 07897,CUST - 005
Order - 0513,19/12/2023 22:04,Invoice - 278,USER - 07897,2024-01-17,USER - 07897,CUST - 011
Order - 0554,20/12/2023 19:20,Invoice - 279,USER - 04201,2024-01-08,USER - 04201,CUST - 011
Order - 0555,20/12/2023 19:20,Invoice - 280,USER - 04201,2024-01-11,USER - 04201,CUST - 011
Order - 0583,03/01/2024 12:49,Invoice - 281,USER - 04201,2024-01-25,USER - 04201,CUST - 011
Order - 0584,03/01/2024 22:14,Invoice - 282,USER - 07897,2024-01-17,USER - 07897,CUST - 011
Order - 0585,04/01/2024 22:27,Invoice - 283,USER - 07897,2024-01-26,USER - 07897,CUST - 011
Order - 0586,04/01/2024 22:27,Invoice - 284,USER - 07897,2024-01-11,USER - 07897,CUST - 011
Order - 0588,04/01/2024 22:27,Invoice - 285,USER - 07897,2024-02-07,USER - 07897,CUST - 011
Order - 0589,04/01/2024 22:27,Invoice - 286,USER - 07897,2024-02-07,USER - 07897,CUST - 011
Order - 0590,04/01/2024 22:27,Invoice - 287,USER - 07897,2024-02-07,USER - 07897,CUST - 011
Order - 0185,05/01/2024 22:00,Invoice - 288,USER - 07897,2024-01-05,USER - 07897,CUST - 005
Order - 0185,09/01/2024 12:40,Invoice - 289,USER - 04201,,,CUST - 005
Order - 0592,11/01/2024 22:29,Invoice - 290,USER - 07897,2024-02-12,USER - 07897,CUST - 011
Order - 0593,11/01/2024 22:29,Invoice - 291,USER - 07897,2024-02-12,USER - 07897,CUST - 011
Order - 0379,11/01/2024 22:54,Invoice - 292,USER - 07897,,,CUST - 023
Order - 0595,12/01/2024 22:30,Invoice - 293,USER - 07897,,,CUST - 011
Order - 0596,15/01/2024 15:02,Invoice - 294,USER - 04201,,,CUST - 011
Order - 0597,16/01/2024 13:29,Invoice - 295,USER - 04201,2024-02-14,USER - 04201,CUST - 011
Order - 0598,16/01/2024 13:29,Invoice - 296,USER - 04201,2024-02-14,USER - 04201,CUST - 011
Order - 0600,17/01/2024 22:12,Invoice - 297,USER - 07897,2024-02-14,USER - 07897,CUST - 011
Order - 0591,18/01/2024 22:00,Invoice - 298,USER - 07897,,,CUST - 005
Order - 0591,18/01/2024 22:00,Invoice - 299,USER - 07897,,,CUST - 005
Order - 0185,18/01/2024 22:00,Invoice - 300,USER - 07897,,,CUST - 005
Order - 0601,18/01/2024 22:23,Invoice - 301,USER - 07897,,,CUST - 011
Order - 0602,18/01/2024 22:23,Invoice - 302,USER - 07897,,,CUST - 011
Order - 0606,19/01/2024 22:31,Invoice - 303,USER - 07897,,,CUST - 011
Order - 0607,22/01/2024 22:47,Invoice - 304,USER - 07897,,,CUST - 011
Order - 0615,26/01/2024 22:23,Invoice - 305,USER - 07897,,,CUST - 011
Order - 0616,26/01/2024 22:23,Invoice - 306,USER - 07897,,,CUST - 011
Order - 0622,29/01/2024 22:17,Invoice - 307,USER - 07897,,,CUST - 011
Order - 0603,30/01/2024 17:54,Invoice - 308,USER - 04201,,,CUST - 005
Order - 0623,30/01/2024 17:54,Invoice - 309,USER - 04201,,,CUST - 011
Order - 0624,30/01/2024 17:54,Invoice - 310,USER - 04201,,,CUST - 011
Order - 0654,31/01/2024 19:37,Invoice - 311,USER - 04201,,,CUST - 011
Order - 0308,01/02/2024 14:03,Invoice - 312,USER - 04201,,,CUST - 032
Order - 0673,01/02/2024 22:45,Invoice - 313,USER - 07897,,,CUST - 011
Order - 0674,01/02/2024 22:45,Invoice - 314,USER - 07897,,,CUST - 011
Order - 0186,02/02/2024 22:00,Invoice - 315,USER - 07897,,,CUST - 005
Order - 0679,06/02/2024 22:18,Invoice - 316,USER - 07897,,,CUST - 011
Order - 0680,06/02/2024 22:18,Invoice - 317,USER - 07897,,,CUST - 011
Order - 0655,06/02/2024 22:43,Invoice - 318,USER - 07897,2024-02-06,USER - 07897,CUST - 002
Order - 0379,06/02/2024 22:47,Invoice - 319,USER - 07897,,,CUST - 023
Order - 0684,07/02/2024 22:10,Invoice - 320,USER - 07897,,,CUST - 011
Order - 0685,07/02/2024 22:10,Invoice - 321,USER - 07897,,,CUST - 011
Order - 0655,08/02/2024 13:13,Invoice - 322,USER - 04201,,,CUST - 002
Order - 0135,08/02/2024 22:00,Invoice - 323,USER - 07897,2024-03-20,USER - 04201,CUST - 005
Order - 0686,08/02/2024 22:14,Invoice - 324,USER - 07897,,,CUST - 011
Order - 0688,08/02/2024 22:14,Invoice - 325,USER - 07897,,,CUST - 011
Order - 0695,09/02/2024 22:38,Invoice - 326,USER - 07897,,,CUST - 011
Order - 0696,09/02/2024 22:38,Invoice - 327,USER - 07897,,,CUST - 011
Order - 0701,13/02/2024 11:30,Invoice - 328,USER - 04201,,,CUST - 011
Order - 0702,13/02/2024 22:31,Invoice - 329,USER - 07897,,,CUST - 011
Order - 0703,13/02/2024 22:31,Invoice - 330,USER - 07897,,,CUST - 011
Order - 0379,15/02/2024 22:45,Invoice - 331,USER - 07897,2024-04-16,USER - 07897,CUST - 023
Order - 0186,16/02/2024 09:22,Invoice - 332,USER - 04201,2024-03-20,USER - 04201,CUST - 005
Order - 0012,16/02/2024 22:00,Invoice - 333,USER - 07897,2024-03-20,USER - 07897,CUST - 005
Order - 0739,16/02/2024 22:32,Invoice - 334,USER - 07897,2024-03-26,USER - 07897,CUST - 011
Order - 0740,16/02/2024 22:32,Invoice - 335,USER - 07897,2024-03-31,USER - 07897,CUST - 011
Order - 0741,19/02/2024 22:49,Invoice - 336,USER - 07897,2024-03-21,USER - 07897,CUST - 011
Order - 0746,20/02/2024 22:13,Invoice - 337,USER - 07897,2024-03-21,USER - 07897,CUST - 011
Order - 0748,20/02/2024 22:13,Invoice - 338,USER - 07897,2024-03-21,USER - 07897,CUST - 011
Order - 0749,20/02/2024 22:13,Invoice - 339,USER - 07897,2024-03-21,USER - 07897,CUST - 011
Order - 0767,21/02/2024 22:14,Invoice - 340,USER - 07897,2024-03-21,USER - 07897,CUST - 011
Order - 0768,22/02/2024 22:00,Invoice - 341,USER - 07897,2024-03-20,USER - 07897,CUST - 005
Order - 0687,22/02/2024 22:00,Invoice - 342,USER - 07897,2024-03-20,USER - 07897,CUST - 005
Order - 0785,22/02/2024 22:26,Invoice - 343,USER - 07897,2024-03-26,USER - 07897,CUST - 011
Order - 0786,22/02/2024 22:26,Invoice - 344,USER - 07897,2024-03-31,USER - 07897,CUST - 011
Order - 0787,23/02/2024 10:53,Invoice - 345,USER - 04201,,,CUST - 054
Order - 0379,23/02/2024 22:35,Invoice - 346,USER - 07897,,,CUST - 023
Order - 0789,26/02/2024 22:34,Invoice - 347,USER - 07897,2024-03-27,USER - 07897,CUST - 011
Order - 0792,27/02/2024 22:00,Invoice - 348,USER - 07897,2024-03-20,USER - 07897,CUST - 005
Order - 0790,27/02/2024 22:27,Invoice - 349,USER - 07897,2024-03-27,USER - 07897,CUST - 011
Order - 0791,27/02/2024 22:27,Invoice - 350,USER - 07897,2024-03-27,USER - 07897,CUST - 011
Order - 0793,27/02/2024 22:27,Invoice - 351,USER - 07897,2024-03-26,USER - 07897,CUST - 011
Order - 0794,27/02/2024 22:27,Invoice - 352,USER - 07897,2024-03-26,USER - 07897,CUST - 011
Order - 0809,29/02/2024 22:50,Invoice - 353,USER - 07897,2024-04-22,USER - 07897,CUST - 011
Order - 0795,01/03/2024 13:26,Invoice - 354,USER - 04201,2024-03-20,USER - 04201,CUST - 005
Order - 0768,01/03/2024 22:00,Invoice - 355,USER - 07897,2024-04-17,USER - 07897,CUST - 005
Order - 0818,01/03/2024 22:13,Invoice - 356,USER - 07897,2024-04-22,USER - 07897,CUST - 011
Order - 0819,01/03/2024 22:13,Invoice - 357,USER - 07897,2024-04-22,USER - 07897,CUST - 011
Order - 0820,04/03/2024 22:16,Invoice - 358,USER - 07897,2024-04-22,USER - 07897,CUST - 011
Order - 0821,04/03/2024 22:16,Invoice - 359,USER - 07897,2024-04-03,USER - 07897,CUST - 011
Order - 0822,05/03/2024 22:29,Invoice - 360,USER - 07897,2024-04-03,USER - 07897,CUST - 011
Order - 0823,05/03/2024 22:29,Invoice - 361,USER - 07897,2024-04-03,USER - 07897,CUST - 011
Order - 0838,07/03/2024 22:33,Invoice - 362,USER - 07897,,,CUST - 011
Order - 0839,07/03/2024 22:33,Invoice - 363,USER - 07897,,,CUST - 011
Order - 0843,08/03/2024 22:12,Invoice - 364,USER - 07897,,,CUST - 011
Order - 0844,11/03/2024 22:34,Invoice - 365,USER - 07897,2024-04-10,USER - 07897,CUST - 011
Order - 0845,12/03/2024 22:24,Invoice - 366,USER - 07897,2024-04-10,USER - 07897,CUST - 011
Order - 0846,12/03/2024 22:24,Invoice - 367,USER - 07897,2024-04-10,USER - 07897,CUST - 011
Order - 0848,14/03/2024 22:15,Invoice - 368,USER - 07897,2024-04-10,USER - 07897,CUST - 011
Order - 0849,14/03/2024 22:15,Invoice - 369,USER - 07897,,,CUST - 011
Order - 0851,14/03/2024 22:15,Invoice - 370,USER - 07897,,,CUST - 011
Order - 0852,14/03/2024 22:15,Invoice - 371,USER - 07897,,,CUST - 011
Order - 0853,14/03/2024 22:15,Invoice - 372,USER - 07897,2024-04-10,USER - 07897,CUST - 011
Order - 0379,14/03/2024 22:40,Invoice - 373,USER - 07897,,,CUST - 023
Order - 0854,15/03/2024 22:00,Invoice - 374,USER - 07897,2024-04-17,USER - 07897,CUST - 005
Order - 0861,18/03/2024 22:13,Invoice - 375,USER - 07897,,,CUST - 011
Order - 0862,18/03/2024 22:13,Invoice - 376,USER - 07897,2024-04-17,USER - 07897,CUST - 011
Order - 0863,18/03/2024 22:13,Invoice - 377,USER - 07897,2024-04-17,USER - 07897,CUST - 011
Order - 0864,19/03/2024 22:13,Invoice - 378,USER - 07897,2024-04-17,USER - 07897,CUST - 011
Order - 0887,20/03/2024 22:13,Invoice - 379,USER - 07897,,,CUST - 011
Order - 0888,20/03/2024 22:13,Invoice - 380,USER - 07897,,,CUST - 011
Order - 0379,21/03/2024 22:37,Invoice - 381,USER - 07897,,,CUST - 023
Order - 0911,22/03/2024 22:00,Invoice - 382,USER - 07897,2024-04-17,USER - 07897,CUST - 005
Order - 0841,22/03/2024 22:00,Invoice - 383,USER - 07897,2024-04-17,USER - 07897,CUST - 005
Order - 0912,22/03/2024 22:05,Invoice - 384,USER - 07897,,,CUST - 011
Order - 0913,22/03/2024 22:05,Invoice - 385,USER - 07897,,,CUST - 011
Order - 0914,22/03/2024 22:05,Invoice - 386,USER - 07897,,,CUST - 011
Order - 0915,25/03/2024 22:14,Invoice - 387,USER - 07897,,,CUST - 011
Order - 0916,25/03/2024 22:14,Invoice - 388,USER - 07897,,,CUST - 011
Order - 0917,25/03/2024 22:14,Invoice - 389,USER - 07897,,,CUST - 011
Order - 0768,27/03/2024 22:00,Invoice - 390,USER - 07897,2024-04-17,USER - 07897,CUST - 005
Order - 0911,27/03/2024 22:00,Invoice - 391,USER - 07897,2024-04-17,USER - 07897,CUST - 005
Order - 0934,27/03/2024 22:34,Invoice - 392,USER - 07897,,,CUST - 011
Order - 0935,27/03/2024 22:34,Invoice - 393,USER - 07897,,,CUST - 011
Order - 0936,27/03/2024 22:34,Invoice - 394,USER - 07897,,,CUST - 011
Order - 0937,27/03/2024 22:34,Invoice - 395,USER - 07897,,,CUST - 011
Order - 0938,27/03/2024 22:34,Invoice - 396,USER - 07897,,,CUST - 011
Order - 0947,02/04/2024 22:24,Invoice - 397,USER - 07897,,,CUST - 011
Order - 0948,02/04/2024 22:24,Invoice - 398,USER - 07897,,,CUST - 011
Order - 0951,03/04/2024 22:22,Invoice - 399,USER - 07897,,,CUST - 011
Order - 0952,03/04/2024 22:22,Invoice - 400,USER - 07897,,,CUST - 011
Order - 0953,03/04/2024 22:22,Invoice - 401,USER - 07897,,,CUST - 011
Order - 0984,04/04/2024 22:20,Invoice - 402,USER - 07897,,,CUST - 011
Order - 0379,04/04/2024 22:37,Invoice - 403,USER - 07897,,,CUST - 023
Order - 0987,08/04/2024 22:15,Invoice - 404,USER - 07897,,,CUST - 011
Order - 0988,09/04/2024 22:13,Invoice - 405,USER - 07897,,,CUST - 011
Order - 0989,09/04/2024 22:13,Invoice - 406,USER - 07897,,,CUST - 011
Order - 0942,09/04/2024 22:46,Invoice - 407,USER - 07897,,,CUST - 056
Order - 0993,10/04/2024 22:00,Invoice - 408,USER - 07897,,,CUST - 005
Order - 0994,10/04/2024 22:26,Invoice - 409,USER - 07897,,,CUST - 011
Order - 0993,11/04/2024 22:00,Invoice - 410,USER - 07897,,,CUST - 005
Order - 1013,11/04/2024 22:07,Invoice - 411,USER - 07897,,,CUST - 011
Order - 0850,11/04/2024 22:14,Invoice - 412,USER - 07897,,,CUST - 001
Order - 1022,15/04/2024 22:46,Invoice - 413,USER - 07897,,,CUST - 011
Order - 1023,15/04/2024 22:46,Invoice - 414,USER - 07897,,,CUST - 011
Order - 1024,15/04/2024 22:46,Invoice - 415,USER - 07897,,,CUST - 011
Order - 1025,15/04/2024 22:46,Invoice - 416,USER - 07897,,,CUST - 011
Order - 1017,16/04/2024 22:00,Invoice - 417,USER - 07897,,,CUST - 005
Order - 1026,16/04/2024 22:23,Invoice - 418,USER - 07897,,,CUST - 011
Order - 1040,17/04/2024 22:13,Invoice - 419,USER - 07897,,,CUST - 011
Order - 1041,17/04/2024 22:13,Invoice - 420,USER - 07897,,,CUST - 011
Order - 1042,17/04/2024 22:13,Invoice - 421,USER - 07897,,,CUST - 011
Order - 1043,17/04/2024 22:13,Invoice - 422,USER - 07897,,,CUST - 011
Order - 1039,17/04/2024 22:32,Invoice - 423,USER - 07897,,,CUST - 023
Order - 1044,18/04/2024 22:00,Invoice - 424,USER - 07897,,,CUST - 011
Order - 0850,18/04/2024 22:07,Invoice - 425,USER - 07897,,,CUST - 001
Order - 1048,22/04/2024 22:16,Invoice - 426,USER - 07897,,,CUST - 011
Order - 1049,22/04/2024 22:16,Invoice - 427,USER - 07897,,,CUST - 011
Order - 1050,23/04/2024 22:17,Invoice - 428,USER - 07897,,,CUST - 011
Order - 1062,24/04/2024 22:00,Invoice - 429,USER - 07897,,,CUST - 005
Order - 1039,24/04/2024 22:38,Invoice - 430,USER - 07897,,,CUST - 023
Order - 1064,25/04/2024 22:41,Invoice - 431,USER - 07897,2024-05-27,USER - 07897,CUST - 011
Order - 1065,26/04/2024 22:43,Invoice - 432,USER - 07897,2024-05-27,USER - 07897,CUST - 011
Order - 0768,29/04/2024 22:00,Invoice - 433,USER - 07897,,,CUST - 005
Order - 1066,29/04/2024 22:00,Invoice - 434,USER - 07897,,,CUST - 005
Order - 1070,29/04/2024 22:36,Invoice - 435,USER - 07897,2024-05-27,USER - 07897,CUST - 011
Order - 1039,29/04/2024 22:56,Invoice - 436,USER - 07897,,,CUST - 023
Order - 1062,30/04/2024 13:45,Invoice - 437,USER - 03649,,,CUST - 005
Order - 0993,30/04/2024 13:48,Invoice - 438,USER - 03649,2024-05-15,USER - 03649,CUST - 005
Order - 0850,08/05/2024 22:23,Invoice - 439,USER - 07897,,,CUST - 001
Order - 1039,08/05/2024 22:30,Invoice - 440,USER - 07897,,,CUST - 023
Order - 1118,09/05/2024 22:24,Invoice - 441,USER - 07897,,,CUST - 011
Order - 1119,09/05/2024 22:24,Invoice - 442,USER - 07897,,,CUST - 011
Order - 1125,10/05/2024 22:47,Invoice - 443,USER - 07897,,,CUST - 011
Order - 1126,10/05/2024 22:47,Invoice - 444,USER - 07897,,,CUST - 011
Order - 1097,14/05/2024 22:00,Invoice - 445,USER - 07897,,,CUST - 005
Order - 1129,14/05/2024 22:01,Invoice - 446,USER - 07897,,,CUST - 011
Order - 1130,14/05/2024 22:01,Invoice - 447,USER - 07897,,,CUST - 011
Order - 1066,15/05/2024 22:00,Invoice - 448,USER - 07897,,,CUST - 005
Order - 1133,15/05/2024 22:41,Invoice - 449,USER - 07897,,,CUST - 011
Order - 1160,16/05/2024 23:05,Invoice - 450,USER - 07897,,,CUST - 011
Order - 0854,17/05/2024 22:00,Invoice - 451,USER - 07897,,,CUST - 005
Order - 1162,17/05/2024 22:12,Invoice - 452,USER - 07897,,,CUST - 011
Order - 1170,21/05/2024 22:42,Invoice - 453,USER - 07897,,,CUST - 011
Order - 1172,21/05/2024 22:42,Invoice - 454,USER - 07897,,,CUST - 011
Order - 1189,22/05/2024 22:00,Invoice - 455,USER - 07897,,,CUST - 005
Order - 1189,22/05/2024 22:00,Invoice - 456,USER - 07897,,,CUST - 005
Order - 1189,22/05/2024 22:00,Invoice - 457,USER - 07897,,,CUST - 005
Order - 1191,23/05/2024 23:04,Invoice - 458,USER - 07897,,,CUST - 011
Order - 1062,24/05/2024 22:00,Invoice - 459,USER - 07897,,,CUST - 005
Order - 1190,24/05/2024 22:33,Invoice - 460,USER - 07897,,,CUST - 011
Order - 1192,24/05/2024 22:33,Invoice - 461,USER - 07897,,,CUST - 011
Order - 1193,24/05/2024 22:33,Invoice - 462,USER - 07897,,,CUST - 011
Order - 1194,24/05/2024 22:33,Invoice - 463,USER - 07897,,,CUST - 011
Order - 1197,27/05/2024 23:09,Invoice - 464,USER - 07897,,,CUST - 011
Order - 1198,27/05/2024 23:09,Invoice - 465,USER - 07897,,,CUST - 011
Order - 1200,29/05/2024 22:43,Invoice - 466,USER - 07897,,,CUST - 011
Order - 1218,04/06/2024 22:17,Invoice - 467,USER - 07897,,,CUST - 011
Order - 1219,04/06/2024 22:17,Invoice - 468,USER - 07897,,,CUST - 011
Order - 1234,05/06/2024 22:41,Invoice - 469,USER - 07897,,,CUST - 011
Order - 1235,05/06/2024 22:41,Invoice - 470,USER - 07897,,,CUST - 011
Order - 1238,06/06/2024 22:44,Invoice - 471,USER - 07897,,,CUST - 011
Order - 1169,11/06/2024 22:00,Invoice - 472,USER - 07897,,,CUST - 005
Order - 1240,11/06/2024 22:00,Invoice - 473,USER - 07897,,,CUST - 005
Order - 1240,11/06/2024 22:00,Invoice - 474,USER - 07897,,,CUST - 005
Order - 1240,11/06/2024 22:00,Invoice - 475,USER - 07897,,,CUST - 005
Order - 1240,11/06/2024 22:00,Invoice - 476,USER - 07897,,,CUST - 005
Order - 1244,11/06/2024 22:44,Invoice - 477,USER - 07897,,,CUST - 011
Order - 1245,11/06/2024 22:44,Invoice - 478,USER - 07897,,,CUST - 011
Order - 0768,12/06/2024 22:00,Invoice - 479,USER - 07897,,,CUST - 005
Order - 0768,12/06/2024 22:00,Invoice - 480,USER - 07897,,,CUST - 005
Order - 1189,12/06/2024 22:00,Invoice - 481,USER - 07897,,,CUST - 005
Order - 1261,12/06/2024 22:21,Invoice - 482,USER - 07897,,,CUST - 011
Order - 1262,12/06/2024 22:21,Invoice - 483,USER - 07897,,,CUST - 011
Order - 1263,12/06/2024 22:21,Invoice - 484,USER - 07897,,,CUST - 011
Order - 1264,13/06/2024 22:17,Invoice - 485,USER - 07897,,,CUST - 011
Order - 1267,13/06/2024 22:17,Invoice - 486,USER - 07897,,,CUST - 011
Order - 1268,13/06/2024 22:17,Invoice - 487,USER - 07897,,,CUST - 011
Order - 1269,17/06/2024 23:14,Invoice - 488,USER - 07897,,,CUST - 011
Order - 1189,20/06/2024 22:00,Invoice - 489,USER - 07897,,,CUST - 005
Order - 0850,20/06/2024 22:51,Invoice - 490,USER - 07897,,,CUST - 001
Order - 1282,21/06/2024 08:53,Invoice - 491,USER - 08479,,,CUST - 011
Order - 1284,21/06/2024 08:56,Invoice - 492,USER - 08479,,,CUST - 011
Order - 1283,21/06/2024 09:06,Invoice - 493,USER - 08479,,,CUST - 011
Order - 1302,25/06/2024 01:42,Invoice - 494,USER - 07897,,,CUST - 011
Order - 1303,25/06/2024 01:42,Invoice - 495,USER - 07897,,,CUST - 011
Order - 1304,25/06/2024 22:08,Invoice - 496,USER - 07897,,,CUST - 011
Order - 1305,25/06/2024 22:08,Invoice - 497,USER - 07897,,,CUST - 011
Order - 1306,25/06/2024 22:08,Invoice - 498,USER - 07897,,,CUST - 011
Order - 0768,26/06/2024 22:00,Invoice - 499,USER - 07897,,,CUST - 005
Order - 0854,26/06/2024 22:00,Invoice - 500,USER - 07897,,,CUST - 005
Order - 1308,26/06/2024 22:00,Invoice - 501,USER - 07897,,,CUST - 005
Order - 1309,26/06/2024 22:41,Invoice - 502,USER - 07897,,,CUST - 011
Order - 1310,26/06/2024 22:41,Invoice - 503,USER - 07897,,,CUST - 011
Order - 1311,27/06/2024 22:29,Invoice - 504,USER - 07897,,,CUST - 011
Order - 1275,28/06/2024 22:00,Invoice - 505,USER - 07897,,,CUST - 005
Order - 1334,01/07/2024 22:25,Invoice - 506,USER - 07897,,,CUST - 011
Order - 1335,02/07/2024 22:40,Invoice - 507,USER - 07897,,,CUST - 011
Order - 1362,03/07/2024 22:24,Invoice - 508,USER - 07897,,,CUST - 011
Order - 1363,04/07/2024 22:44,Invoice - 509,USER - 07897,2024-08-16,USER - 07897,CUST - 011
Order - 1364,04/07/2024 22:44,Invoice - 510,USER - 07897,2024-08-28,USER - 07897,CUST - 011
Order - 1365,05/07/2024 22:07,Invoice - 511,USER - 07897,2024-08-08,USER - 07897,CUST - 011
Order - 1189,09/07/2024 22:00,Invoice - 512,USER - 07897,2024-08-21,USER - 07897,CUST - 005
Order - 1240,09/07/2024 22:00,Invoice - 513,USER - 07897,2024-08-21,USER - 07897,CUST - 005
Order - 1369,09/07/2024 22:35,Invoice - 514,USER - 07897,2024-08-28,USER - 07897,CUST - 011
Order - 1370,09/07/2024 22:35,Invoice - 515,USER - 07897,2024-08-08,USER - 07897,CUST - 011
Order - 1387,10/07/2024 22:23,Invoice - 516,USER - 07897,2024-08-08,USER - 07897,CUST - 011
Order - 1388,10/07/2024 22:23,Invoice - 517,USER - 07897,2024-08-08,USER - 07897,CUST - 011
Order - 1392,12/07/2024 22:38,Invoice - 518,USER - 07897,2024-08-31,USER - 07897,CUST - 011
Order - 1393,12/07/2024 22:38,Invoice - 519,USER - 07897,2024-08-28,USER - 07897,CUST - 011
Order - 1394,15/07/2024 22:24,Invoice - 520,USER - 07897,2024-08-14,USER - 07897,CUST - 011
Order - 1395,16/07/2024 22:32,Invoice - 521,USER - 07897,2024-08-14,USER - 07897,CUST - 011
Order - 1396,17/07/2024 22:17,Invoice - 522,USER - 07897,2024-08-14,USER - 07897,CUST - 011
Order - 1399,17/07/2024 22:17,Invoice - 523,USER - 07897,2024-08-28,USER - 07897,CUST - 011
Order - 1400,17/07/2024 22:17,Invoice - 524,USER - 07897,2024-08-28,USER - 07897,CUST - 011
Order - 1425,19/07/2024 22:31,Invoice - 525,USER - 07897,2024-08-28,USER - 07897,CUST - 011
Order - 1432,23/07/2024 22:00,Invoice - 526,USER - 07897,2024-08-21,USER - 07897,CUST - 011
Order - 1435,23/07/2024 22:00,Invoice - 527,USER - 07897,2024-08-16,USER - 07897,CUST - 011
Order - 1437,24/07/2024 22:00,Invoice - 528,USER - 07897,2024-08-16,USER - 07897,CUST - 011
Order - 1438,24/07/2024 22:00,Invoice - 529,USER - 07897,2024-08-28,USER - 07897,CUST - 011
Order - 1439,24/07/2024 22:00,Invoice - 530,USER - 07897,2024-08-31,USER - 07897,CUST - 011
Order - 1440,25/07/2024 22:00,Invoice - 531,USER - 07897,2024-08-21,USER - 07897,CUST - 011
Order - 1445,30/07/2024 22:01,Invoice - 532,USER - 07897,,,CUST - 011
Order - 1446,30/07/2024 22:01,Invoice - 533,USER - 07897,,,CUST - 011
Order - 1447,30/07/2024 22:01,Invoice - 534,USER - 07897,2024-08-28,USER - 07897,CUST - 011
Order - 1275,31/07/2024 22:00,Invoice - 535,USER - 07897,,,CUST - 005
Order - 1480,02/08/2024 22:00,Invoice - 536,USER - 07897,,,CUST - 011
Order - 1481,02/08/2024 22:00,Invoice - 537,USER - 07897,,,CUST - 011
Order - 1240,08/08/2024 22:00,Invoice - 538,USER - 07897,,,CUST - 005
Order - 1521,14/08/2024 22:42,Invoice - 539,USER - 07897,,,CUST - 011
Order - 1522,14/08/2024 22:42,Invoice - 540,USER - 07897,,,CUST - 011
Order - 1523,14/08/2024 22:42,Invoice - 541,USER - 07897,,,CUST - 011
Order - 1524,14/08/2024 22:42,Invoice - 542,USER - 07897,,,CUST - 011
Order - 1433,20/08/2024 15:10,Invoice - 543,USER - 08479,,,CUST - 011
Order - 1275,20/08/2024 22:00,Invoice - 544,USER - 07897,,,CUST - 005
Order - 1527,20/08/2024 22:51,Invoice - 545,USER - 07897,,,CUST - 011
Order - 1530,21/08/2024 22:00,Invoice - 546,USER - 07897,,,CUST - 011
Order - 1531,21/08/2024 22:00,Invoice - 547,USER - 07897,,,CUST - 011
Order - 1554,22/08/2024 22:28,Invoice - 548,USER - 07897,,,CUST - 011
Order - 1555,26/08/2024 23:05,Invoice - 549,USER - 07897,,,CUST - 011
Order - 1556,26/08/2024 23:05,Invoice - 550,USER - 07897,,,CUST - 011
Order - 1557,26/08/2024 23:05,Invoice - 551,USER - 07897,,,CUST - 011
Order - 1558,27/08/2024 22:11,Invoice - 552,USER - 07897,,,CUST - 011
Order - 1571,29/08/2024 23:11,Invoice - 553,USER - 07897,,,CUST - 011
Order - 1275,30/08/2024 22:00,Invoice - 554,USER - 07897,,,CUST - 005
Order - 1312,30/08/2024 22:00,Invoice - 555,USER - 07897,,,CUST - 005
Order - 1597,05/09/2024 23:05,Invoice - 556,USER - 07897,,,CUST - 001
Order - 1275,09/09/2024 22:00,Invoice - 557,USER - 07897,,,CUST - 005
Order - 1597,13/09/2024 22:49,Invoice - 558,USER - 07897,,,CUST - 001
Order - 1597,17/09/2024 22:28,Invoice - 559,USER - 07897,,,CUST - 001
Order - 1275,24/09/2024 22:00,Invoice - 560,USER - 07897,,,CUST - 005
Order - 1662,25/09/2024 22:00,Invoice - 561,USER - 07897,,,CUST - 005
Order - 1596,26/09/2024 22:24,Invoice - 562,USER - 07897,,,CUST - 011
Order - 1608,26/09/2024 22:24,Invoice - 563,USER - 07897,,,CUST - 011
Order - 1624,26/09/2024 22:24,Invoice - 564,USER - 07897,,,CUST - 011
Order - 1664,26/09/2024 22:24,Invoice - 565,USER - 07897,,,CUST - 011
Order - 1665,26/09/2024 22:24,Invoice - 566,USER - 07897,,,CUST - 011
Order - 1666,26/09/2024 22:24,Invoice - 567,USER - 07897,,,CUST - 011
Order - 1667,26/09/2024 22:24,Invoice - 568,USER - 07897,,,CUST - 011
Order - 1668,26/09/2024 22:24,Invoice - 569,USER - 07897,,,CUST - 011
Order - 1670,26/09/2024 22:24,Invoice - 570,USER - 07897,,,CUST - 011
Order - 1671,26/09/2024 22:24,Invoice - 571,USER - 07897,,,CUST - 011
Order - 1672,26/09/2024 22:24,Invoice - 572,USER - 07897,,,CUST - 011
Order - 1673,26/09/2024 22:24,Invoice - 573,USER - 07897,,,CUST - 011
Order - 1674,26/09/2024 22:24,Invoice - 574,USER - 07897,,,CUST - 011
Order - 1675,26/09/2024 22:24,Invoice - 575,USER - 07897,,,CUST - 011
Order - 1676,26/09/2024 22:24,Invoice - 576,USER - 07897,,,CUST - 011
Order - 1677,26/09/2024 22:24,Invoice - 577,USER - 07897,,,CUST - 011
Order - 1662,27/09/2024 22:00,Invoice - 578,USER - 07897,,,CUST - 005
Order - 1679,27/09/2024 22:44,Invoice - 579,USER - 07897,,,CUST - 011
Order - 1597,27/09/2024 22:59,Invoice - 580,USER - 07897,,,CUST - 001
Order - 1682,30/09/2024 22:39,Invoice - 581,USER - 07897,,,CUST - 011
Order - 1683,30/09/2024 22:39,Invoice - 582,USER - 07897,,,CUST - 011
Order - 1684,01/10/2024 22:16,Invoice - 583,USER - 07897,,,CUST - 011
Order - 1691,03/10/2024 22:33,Invoice - 584,USER - 07897,,,CUST - 011
Order - 1597,03/10/2024 22:56,Invoice - 585,USER - 07897,,,CUST - 001
Order - 1719,08/10/2024 22:13,Invoice - 586,USER - 07897,,,CUST - 011
Order - 1597,08/10/2024 22:23,Invoice - 587,USER - 07897,,,CUST - 001
Order - 0854,09/10/2024 22:00,Invoice - 588,USER - 07897,,,CUST - 005
Order - 0792,09/10/2024 22:00,Invoice - 589,USER - 07897,,,CUST - 005
Order - 1718,09/10/2024 22:18,Invoice - 590,USER - 07897,,,CUST - 011
Order - 1736,10/10/2024 22:30,Invoice - 591,USER - 07897,,,CUST - 011
Order - 1737,10/10/2024 22:30,Invoice - 592,USER - 07897,,,CUST - 011
Order - 1738,14/10/2024 22:20,Invoice - 593,USER - 07897,,,CUST - 011
Order - 1748,15/10/2024 22:30,Invoice - 594,USER - 07897,,,CUST - 011
Order - 1749,15/10/2024 22:30,Invoice - 595,USER - 07897,,,CUST - 011
Order - 1753,16/10/2024 22:20,Invoice - 596,USER - 07897,,,CUST - 011
Order - 0854,17/10/2024 22:00,Invoice - 597,USER - 07897,,,CUST - 005
Order - 1754,17/10/2024 22:10,Invoice - 598,USER - 07897,,,CUST - 011
Order - 1755,17/10/2024 22:10,Invoice - 599,USER - 07897,,,CUST - 011
Order - 1756,17/10/2024 22:10,Invoice - 600,USER - 07897,,,CUST - 011
Order - 1757,17/10/2024 22:10,Invoice - 601,USER - 07897,,,CUST - 011
Order - 1669,18/10/2024 22:00,Invoice - 602,USER - 07897,,,CUST - 005
Order - 1765,18/10/2024 22:00,Invoice - 603,USER - 07897,,,CUST - 005
Order - 1766,21/10/2024 22:21,Invoice - 604,USER - 07897,,,CUST - 011
Order - 1767,22/10/2024 22:41,Invoice - 605,USER - 07897,,,CUST - 011
Order - 1768,22/10/2024 22:41,Invoice - 606,USER - 07897,,,CUST - 011
Order - 1770,22/10/2024 22:41,Invoice - 607,USER - 07897,,,CUST - 011
Order - 1805,25/10/2024 22:40,Invoice - 608,USER - 07897,,,CUST - 011
Order - 1806,25/10/2024 22:40,Invoice - 609,USER - 07897,,,CUST - 011
Order - 1809,28/10/2024 22:00,Invoice - 610,USER - 07897,,,CUST - 013
Order - 1810,28/10/2024 22:00,Invoice - 611,USER - 07897,,,CUST - 005
Order - 1811,28/10/2024 22:36,Invoice - 612,USER - 07897,,,CUST - 011
Order - 1812,28/10/2024 22:36,Invoice - 613,USER - 07897,,,CUST - 011
Order - 1809,29/10/2024 15:20,Invoice - 614,USER - 08479,,,CUST - 013
Order - 1809,29/10/2024 16:35,Invoice - 615,USER - 08479,,,CUST - 013
Order - 1810,29/10/2024 22:00,Invoice - 616,USER - 07897,,,CUST - 005
Order - 1814,29/10/2024 22:00,Invoice - 617,USER - 07897,,,CUST - 011
Order - 1809,31/10/2024 22:00,Invoice - 618,USER - 07897,,,CUST - 013
Order - 1858,04/11/2024 22:39,Invoice - 619,USER - 07897,,,CUST - 011
Order - 1859,04/11/2024 22:39,Invoice - 620,USER - 07897,,,CUST - 011
Order - 1861,05/11/2024 22:26,Invoice - 621,USER - 07897,,,CUST - 011
Order - 1878,07/11/2024 22:26,Invoice - 622,USER - 07897,,,CUST - 011
Order - 1876,12/11/2024 13:01,Invoice - 623,USER - 10897,,,CUST - 013
Order - 1863,12/11/2024 22:00,Invoice - 624,USER - 07897,,,CUST - 013
Order - 1884,12/11/2024 22:10,Invoice - 625,USER - 07897,,,CUST - 011
Order - 1885,12/11/2024 22:10,Invoice - 626,USER - 07897,,,CUST - 011
Order - 1886,12/11/2024 22:10,Invoice - 627,USER - 07897,,,CUST - 011
Order - 1863,13/11/2024 22:00,Invoice - 628,USER - 07897,2024-11-14,USER - 07897,CUST - 013
Order - 1902,13/11/2024 23:04,Invoice - 629,USER - 07897,,,CUST - 011
Order - 1903,13/11/2024 23:04,Invoice - 630,USER - 07897,,,CUST - 011
Order - 1906,15/11/2024 23:08,Invoice - 631,USER - 07897,,,CUST - 011
Order - 1907,15/11/2024 23:08,Invoice - 632,USER - 07897,,,CUST - 011
Order - 1915,19/11/2024 22:33,Invoice - 633,USER - 07897,,,CUST - 011
Order - 1916,19/11/2024 22:33,Invoice - 634,USER - 07897,,,CUST - 011
Order - 1917,19/11/2024 22:33,Invoice - 635,USER - 07897,,,CUST - 011
Order - 1918,19/11/2024 22:33,Invoice - 636,USER - 07897,,,CUST - 011
Order - 1919,20/11/2024 22:00,Invoice - 637,USER - 07897,,,CUST - 005
Order - 1921,20/11/2024 22:01,Invoice - 638,USER - 07897,,,CUST - 011
Order - 1765,21/11/2024 22:00,Invoice - 639,USER - 07897,,,CUST - 005
Order - 1935,21/11/2024 23:04,Invoice - 640,USER - 07897,,,CUST - 011
Order - 1863,28/11/2024 22:00,Invoice - 641,USER - 07897,,,CUST - 013
Order - 1669,06/12/2024 22:00,Invoice - 642,USER - 07897,,,CUST - 005
Order - 1876,18/12/2024 12:27,Invoice - 643,USER - 08479,,,CUST - 013
Order - 0792,18/12/2024 22:00,Invoice - 644,USER - 07897,,,CUST - 005
