Delivery ID,Created date,Created time,Order ID,User,Loading date,Customer
Delivery - 0001,10/05/2023,12:51:52,Order - 0001,USER - 05732,20230510,CUST - 001
Delivery - 0002,15/05/2023,10:52:48,Order - 0002,USER - 03676,20230515,CUST - 002
Delivery - 0003,25/05/2023,11:55:14,Order - 0012,USER - 03676,20230525,CUST - 005
Delivery - 0004,25/05/2023,13:10:12,Order - 0016,USER - 03676,20230525,CUST - 002
Delivery - 0005,25/05/2023,13:30:01,Order - 0015,USER - 03676,20230525,CUST - 001
Delivery - 0006,25/05/2023,15:09:09,Order - 0003,,20230525,CUST - 003
Delivery - 0007,25/05/2023,15:40:05,Order - 0005,,20230525,CUST - 003
Delivery - 0008,25/05/2023,16:49:23,Order - 0004,,20230525,CUST - 003
Delivery - 0009,31/05/2023,13:20:54,Order - 0025,USER - 03676,20230531,CUST - 011
Delivery - 0010,31/05/2023,13:39:51,Order - 0026,USER - 03676,20230531,CUST - 011
Delivery - 0011,02/06/2023,11:47:29,Order - 0031,USER - 03676,20230602,CUST - 011
Delivery - 0012,02/06/2023,13:21:26,Order - 0032,USER - 03676,20230602,CUST - 011
Delivery - 0013,05/06/2023,12:06:47,Order - 0033,USER - 03676,20230605,CUST - 011
Delivery - 0014,05/06/2023,14:42:36,Order - 0018,USER - 03676,20230605,CUST - 005
Delivery - 0015,06/06/2023,10:55:48,Order - 0034,USER - 03676,20230612,CUST - 007
Delivery - 0016,06/06/2023,13:05:34,Order - 0035,USER - 03676,20230606,CUST - 011
Delivery - 0017,07/06/2023,08:44:41,Order - 0039,USER - 03676,20230607,CUST - 011
Delivery - 0018,07/06/2023,08:56:20,Order - 0040,USER - 03676,20230607,CUST - 011
Delivery - 0019,09/06/2023,09:44:15,Order - 0045,USER - 03676,20230609,CUST - 011
Delivery - 0020,12/06/2023,14:35:21,Order - 0015,USER - 03676,20230612,CUST - 001
Delivery - 0021,12/06/2023,15:48:21,Order - 0047,USER - 03676,20230612,CUST - 011
Delivery - 0022,13/06/2023,13:26:58,Order - 0050,USER - 03676,20230613,CUST - 011
Delivery - 0023,13/06/2023,13:47:32,Order - 0051,USER - 03676,20230613,CUST - 011
Delivery - 0024,13/06/2023,13:55:00,Order - 0052,USER - 03676,20230613,CUST - 011
Delivery - 0025,15/06/2023,10:21:39,Order - 0053,USER - 03676,20230615,CUST - 011
Delivery - 0026,15/06/2023,10:28:08,Order - 0054,USER - 03676,20230615,CUST - 011
Delivery - 0027,20/06/2023,13:05:51,Order - 0059,USER - 03676,20230620,CUST - 011
Delivery - 0028,20/06/2023,13:13:25,Order - 0060,USER - 03676,20230620,CUST - 011
Delivery - 0029,21/06/2023,09:28:52,Order - 0015,USER - 03676,20230621,CUST - 001
Delivery - 0030,21/06/2023,10:52:40,Order - 0018,USER - 03676,20230621,CUST - 005
Delivery - 0031,21/06/2023,14:54:29,Order - 0041,USER - 03676,20230621,CUST - 005
Delivery - 0032,22/06/2023,13:13:58,Order - 0061,USER - 03676,20230622,CUST - 011
Delivery - 0033,22/06/2023,13:23:30,Order - 0062,USER - 03676,20230622,CUST - 011
Delivery - 0034,23/06/2023,09:38:54,Order - 0063,USER - 03676,20230623,CUST - 011
Delivery - 0035,26/06/2023,15:38:32,Order - 0067,USER - 03676,20230626,CUST - 011
Delivery - 0036,27/06/2023,14:12:58,Order - 0069,USER - 03676,20230627,CUST - 011
Delivery - 0037,27/06/2023,15:22:15,Order - 0041,USER - 03676,20230627,CUST - 005
Delivery - 0038,27/06/2023,16:22:26,Order - 0071,USER - 03676,20230627,CUST - 011
Delivery - 0039,28/06/2023,13:28:42,Order - 0072,USER - 03676,20230628,CUST - 011
Delivery - 0040,28/06/2023,15:16:32,Order - 0041,USER - 03676,20230628,CUST - 005
Delivery - 0041,28/06/2023,15:54:49,Order - 0041,USER - 03676,20230628,CUST - 005
Delivery - 0042,29/06/2023,11:04:55,Order - 0074,USER - 03676,20230629,CUST - 011
Delivery - 0043,29/06/2023,11:08:40,Order - 0075,USER - 03676,20230629,CUST - 011
Delivery - 0044,29/06/2023,11:12:40,Order - 0076,USER - 03676,20230629,CUST - 011
Delivery - 0045,30/06/2023,12:35:35,Order - 0081,USER - 03676,20230630,CUST - 011
Delivery - 0046,03/07/2023,15:23:48,Order - 0084,USER - 03676,20230703,CUST - 011
Delivery - 0047,03/07/2023,15:28:13,Order - 0085,USER - 03676,20230703,CUST - 011
Delivery - 0048,04/07/2023,11:10:32,Order - 0077,USER - 05724,20230704,CUST - 013
Delivery - 0049,04/07/2023,11:59:44,Order - 0086,USER - 03676,20230704,CUST - 011
Delivery - 0050,04/07/2023,12:02:38,Order - 0087,USER - 03676,20230704,CUST - 011
Delivery - 0051,04/07/2023,12:34:15,Order - 0088,USER - 03676,20230704,CUST - 011
Delivery - 0052,06/07/2023,15:21:00,Order - 0041,USER - 05724,20230706,CUST - 005
Delivery - 0053,06/07/2023,15:57:37,Order - 0092,USER - 03676,20230706,CUST - 011
Delivery - 0054,06/07/2023,16:05:53,Order - 0093,USER - 03676,20230706,CUST - 011
Delivery - 0055,07/07/2023,08:29:59,Order - 0094,USER - 03676,20230707,CUST - 011
Delivery - 0056,07/07/2023,08:38:19,Order - 0095,USER - 03676,20230707,CUST - 011
Delivery - 0057,07/07/2023,11:55:50,Order - 0079,USER - 05724,20230707,CUST - 005
Delivery - 0058,07/07/2023,13:07:09,Order - 0015,USER - 03676,20230707,CUST - 001
Delivery - 0059,11/07/2023,09:02:40,Order - 0098,USER - 03676,20230711,CUST - 011
Delivery - 0060,11/07/2023,09:08:34,Order - 0099,USER - 03676,20230711,CUST - 011
Delivery - 0061,11/07/2023,12:53:24,Order - 0100,USER - 03676,20230711,CUST - 011
Delivery - 0062,13/07/2023,11:35:43,Order - 0103,USER - 03676,20230713,CUST - 011
Delivery - 0063,14/07/2023,10:51:08,Order - 0015,USER - 03676,20230714,CUST - 001
Delivery - 0064,14/07/2023,11:45:08,Order - 0079,USER - 05724,20230714,CUST - 005
Delivery - 0065,14/07/2023,12:34:39,Order - 0080,USER - 05724,20230714,CUST - 005
Delivery - 0066,18/07/2023,09:57:56,Order - 0105,USER - 03676,20230718,CUST - 011
Delivery - 0067,18/07/2023,10:02:43,Order - 0106,USER - 03676,20230718,CUST - 011
Delivery - 0068,18/07/2023,10:12:43,Order - 0107,USER - 03676,20230718,CUST - 011
Delivery - 0069,21/07/2023,10:42:23,Order - 0015,USER - 05724,20230721,CUST - 001
Delivery - 0070,21/07/2023,10:55:37,Order - 0116,USER - 03676,20230721,CUST - 011
Delivery - 0071,24/07/2023,13:53:36,Order - 0117,USER - 03676,20230724,CUST - 011
Delivery - 0072,25/07/2023,09:09:15,Order - 0118,USER - 05724,20230725,CUST - 005
Delivery - 0073,25/07/2023,14:17:09,Order - 0121,USER - 03676,20230725,CUST - 011
Delivery - 0074,25/07/2023,14:32:59,Order - 0122,USER - 03676,20230725,CUST - 011
Delivery - 0075,25/07/2023,14:40:07,Order - 0123,USER - 03676,20230725,CUST - 011
Delivery - 0076,25/07/2023,14:45:14,Order - 0124,USER - 03676,20230725,CUST - 011
Delivery - 0077,26/07/2023,12:15:01,Order - 0016,USER - 05724,20230726,CUST - 002
Delivery - 0078,27/07/2023,09:14:28,Order - 0125,USER - 05664,20230727,CUST - 011
Delivery - 0079,28/07/2023,10:51:56,Order - 0129,USER - 03676,20230728,CUST - 015
Delivery - 0080,28/07/2023,11:35:22,Order - 0126,USER - 03676,20230728,CUST - 005
Delivery - 0081,28/07/2023,12:08:03,Order - 0113,USER - 03676,20230728,CUST - 005
Delivery - 0082,28/07/2023,12:36:50,Order - 0112,USER - 03676,20230728,CUST - 005
Delivery - 0083,31/07/2023,10:48:18,Order - 0114,USER - 05724,20230731,CUST - 005
Delivery - 0084,31/07/2023,11:39:17,Order - 0120,USER - 05724,20230731,CUST - 005
Delivery - 0085,31/07/2023,12:50:20,Order - 0113,USER - 05724,20230731,CUST - 005
Delivery - 0086,31/07/2023,12:56:10,Order - 0112,USER - 05724,20230731,CUST - 005
Delivery - 0087,01/08/2023,14:28:33,Order - 0133,USER - 05664,20230801,CUST - 011
Delivery - 0088,02/08/2023,12:23:36,Order - 0134,USER - 05724,20230802,CUST - 007
Delivery - 0089,03/08/2023,08:17:11,Order - 0016,USER - 05724,20230803,CUST - 002
Delivery - 0090,03/08/2023,13:19:22,Order - 0136,USER - 05664,20230803,CUST - 011
Delivery - 0091,07/08/2023,09:46:05,Order - 0135,USER - 05724,20230807,CUST - 005
Delivery - 0092,07/08/2023,11:09:26,Order - 0120,USER - 05724,20230807,CUST - 005
Delivery - 0093,08/08/2023,12:29:00,Order - 0142,USER - 05664,20230808,CUST - 011
Delivery - 0094,08/08/2023,12:36:07,Order - 0143,USER - 05664,20230808,CUST - 011
Delivery - 0095,08/08/2023,12:42:12,Order - 0144,USER - 05664,20230808,CUST - 011
Delivery - 0096,08/08/2023,13:13:55,Order - 0138,USER - 05724,20230808,CUST - 016
Delivery - 0097,09/08/2023,14:27:31,Order - 0148,USER - 05664,20230809,CUST - 011
Delivery - 0098,10/08/2023,08:26:38,Order - 0139,USER - 05724,20230810,CUST - 005
Delivery - 0099,10/08/2023,10:56:30,Order - 0135,USER - 05724,20230810,CUST - 005
Delivery - 0100,10/08/2023,15:00:30,Order - 0149,USER - 05664,20230810,CUST - 011
Delivery - 0101,11/08/2023,10:05:04,Order - 0151,USER - 05664,20230811,CUST - 011
Delivery - 0102,17/08/2023,13:00:02,Order - 0161,USER - 03676,20230817,CUST - 011
Delivery - 0103,17/08/2023,13:06:17,Order - 0162,USER - 03676,20230817,CUST - 011
Delivery - 0104,18/08/2023,11:59:01,Order - 0015,USER - 03676,20230818,CUST - 001
Delivery - 0105,21/08/2023,15:22:32,Order - 0170,USER - 03676,20230821,CUST - 011
Delivery - 0106,21/08/2023,16:12:08,Order - 0135,USER - 03676,20230821,CUST - 005
Delivery - 0107,22/08/2023,13:12:58,Order - 0171,USER - 03676,20230822,CUST - 011
Delivery - 0108,23/08/2023,09:08:28,Order - 0135,USER - 03676,20230823,CUST - 005
Delivery - 0109,23/08/2023,12:33:55,Order - 0176,USER - 03676,20230823,CUST - 024
Delivery - 0110,23/08/2023,15:33:52,Order - 0173,USER - 03676,20230823,CUST - 023
Delivery - 0111,24/08/2023,13:52:58,Order - 0178,USER - 03676,20230824,CUST - 011
Delivery - 0112,24/08/2023,14:42:09,Order - 0015,USER - 03676,20230824,CUST - 001
Delivery - 0113,24/08/2023,15:02:39,Order - 0177,USER - 03676,20230824,CUST - 001
Delivery - 0114,24/08/2023,16:04:57,Order - 0179,USER - 03676,20230824,CUST - 011
Delivery - 0115,24/08/2023,16:09:51,Order - 0180,USER - 03676,20230824,CUST - 011
Delivery - 0116,28/08/2023,12:43:04,Order - 0181,USER - 03676,20230828,CUST - 011
Delivery - 0117,28/08/2023,12:47:58,Order - 0182,USER - 03676,20230828,CUST - 011
Delivery - 0118,28/08/2023,13:11:10,Order - 0041,USER - 03676,20230828,CUST - 005
Delivery - 0119,29/08/2023,09:52:41,Order - 0183,USER - 03676,20230829,CUST - 011
Delivery - 0120,29/08/2023,09:57:18,Order - 0184,USER - 03676,20230829,CUST - 011
Delivery - 0121,30/08/2023,14:15:32,Order - 0193,USER - 03676,20230830,CUST - 011
Delivery - 0122,30/08/2023,14:21:21,Order - 0194,USER - 03676,20230830,CUST - 011
Delivery - 0123,31/08/2023,11:11:26,Order - 0186,USER - 03676,20230831,CUST - 005
Delivery - 0124,31/08/2023,15:22:23,Order - 0195,USER - 03676,20230831,CUST - 011
Delivery - 0125,01/09/2023,08:20:35,Order - 0015,USER - 03676,20230901,CUST - 001
Delivery - 0126,01/09/2023,09:12:07,Order - 0135,USER - 03676,20230901,CUST - 005
Delivery - 0127,01/09/2023,09:40:18,Order - 0185,USER - 03676,20230901,CUST - 005
Delivery - 0128,04/09/2023,11:42:09,Order - 0196,USER - 03676,20230904,CUST - 011
Delivery - 0129,05/09/2023,13:05:55,Order - 0197,USER - 05664,20230905,CUST - 011
Delivery - 0130,05/09/2023,13:19:18,Order - 0198,USER - 05664,20230905,CUST - 011
Delivery - 0131,07/09/2023,11:17:02,Order - 0200,USER - 03676,20230907,CUST - 011
Delivery - 0132,07/09/2023,11:47:34,Order - 0201,USER - 03676,20230907,CUST - 011
Delivery - 0133,07/09/2023,11:52:58,Order - 0202,USER - 03676,20230907,CUST - 011
Delivery - 0134,07/09/2023,14:01:49,Order - 0015,USER - 03676,20230907,CUST - 001
Delivery - 0135,08/09/2023,08:17:17,Order - 0173,USER - 03676,20230908,CUST - 023
Delivery - 0136,08/09/2023,08:49:06,Order - 0208,USER - 03676,20230908,CUST - 011
Delivery - 0137,08/09/2023,09:13:50,Order - 0209,USER - 03676,20230908,CUST - 011
Delivery - 0138,11/09/2023,12:12:41,Order - 0211,USER - 03676,20230911,CUST - 011
Delivery - 0139,11/09/2023,15:29:49,Order - 0212,USER - 03676,20230911,CUST - 011
Delivery - 0140,11/09/2023,15:46:01,Order - 0213,USER - 03676,20230911,CUST - 011
Delivery - 0141,12/09/2023,09:45:19,Order - 0214,USER - 03676,20230912,CUST - 011
Delivery - 0142,12/09/2023,09:49:05,Order - 0215,USER - 03676,20230912,CUST - 011
Delivery - 0143,12/09/2023,11:39:57,Order - 0210,USER - 03676,20230912,CUST - 028
Delivery - 0144,12/09/2023,16:40:01,Order - 0217,USER - 03676,20230912,CUST - 011
Delivery - 0145,14/09/2023,09:25:28,Order - 0219,USER - 03676,20230914,CUST - 005
Delivery - 0146,14/09/2023,09:29:38,Order - 0135,USER - 03676,20230914,CUST - 005
Delivery - 0147,14/09/2023,09:50:16,Order - 0221,USER - 03676,20230914,CUST - 011
Delivery - 0148,14/09/2023,10:15:08,Order - 0173,USER - 03676,20230914,CUST - 023
Delivery - 0149,14/09/2023,12:46:13,Order - 0216,USER - 03676,20230914,CUST - 011
Delivery - 0150,15/09/2023,11:13:08,Order - 0224,USER - 03676,20230915,CUST - 011
Delivery - 0151,18/09/2023,10:22:25,Order - 0223,USER - 03676,20230918,CUST - 002
Delivery - 0152,19/09/2023,10:12:37,Order - 0226,USER - 03676,20230919,CUST - 011
Delivery - 0153,20/09/2023,08:23:03,Order - 0232,USER - 03676,20230920,CUST - 011
Delivery - 0154,20/09/2023,12:08:04,Order - 0227,USER - 03676,20230920,CUST - 005
Delivery - 0155,21/09/2023,11:25:25,Order - 0173,USER - 03676,20230921,CUST - 023
Delivery - 0156,21/09/2023,12:32:13,Order - 0135,USER - 03676,20230921,CUST - 005
Delivery - 0157,21/09/2023,13:16:58,Order - 0233,USER - 03676,20230921,CUST - 011
Delivery - 0158,21/09/2023,13:21:59,Order - 0234,USER - 03676,20230921,CUST - 011
Delivery - 0159,22/09/2023,11:55:30,Order - 0236,USER - 05664,20230922,CUST - 011
Delivery - 0160,22/09/2023,12:42:38,Order - 0120,USER - 05724,20230922,CUST - 005
Delivery - 0161,22/09/2023,12:52:10,Order - 0228,USER - 05724,20230922,CUST - 005
Delivery - 0162,26/09/2023,11:04:56,Order - 0238,USER - 03676,20230926,CUST - 011
Delivery - 0163,26/09/2023,11:09:29,Order - 0239,USER - 03676,20230926,CUST - 011
Delivery - 0164,27/09/2023,08:27:07,Order - 0242,USER - 03676,20230927,CUST - 011
Delivery - 0165,27/09/2023,10:04:00,Order - 0243,USER - 03676,20230927,CUST - 011
Delivery - 0166,28/09/2023,10:01:04,Order - 0247,USER - 03676,20230928,CUST - 011
Delivery - 0167,28/09/2023,10:25:40,Order - 0248,USER - 03676,20230928,CUST - 011
Delivery - 0168,29/09/2023,10:14:32,Order - 0235,USER - 03676,20230929,CUST - 005
Delivery - 0169,29/09/2023,10:20:48,Order - 0173,USER - 03676,20230929,CUST - 023
Delivery - 0170,29/09/2023,12:40:16,Order - 0185,USER - 03676,20230929,CUST - 005
Delivery - 0171,02/10/2023,11:49:54,Order - 0256,USER - 03676,20231002,CUST - 011
Delivery - 0172,02/10/2023,11:55:51,Order - 0257,USER - 03676,20231002,CUST - 011
Delivery - 0173,03/10/2023,14:16:32,Order - 0258,USER - 03676,20231003,CUST - 011
Delivery - 0174,04/10/2023,10:13:44,Order - 0252,USER - 03676,20231004,CUST - 032
Delivery - 0175,05/10/2023,12:49:54,Order - 0260,USER - 03676,20231005,CUST - 011
Delivery - 0176,05/10/2023,12:57:19,Order - 0261,USER - 03676,20231005,CUST - 011
Delivery - 0177,06/10/2023,11:56:47,Order - 0173,USER - 03676,20231006,CUST - 023
Delivery - 0178,09/10/2023,12:42:21,Order - 0264,USER - 03676,20231009,CUST - 011
Delivery - 0179,09/10/2023,12:53:01,Order - 0265,USER - 03676,20231009,CUST - 011
Delivery - 0180,09/10/2023,13:00:38,Order - 0266,USER - 03676,20231009,CUST - 011
Delivery - 0181,10/10/2023,13:48:05,Order - 0269,USER - 03676,20231010,CUST - 011
Delivery - 0182,11/10/2023,13:14:57,Order - 0272,USER - 03676,20231011,CUST - 011
Delivery - 0183,11/10/2023,13:18:59,Order - 0273,USER - 03676,20231011,CUST - 011
Delivery - 0184,12/10/2023,12:08:27,Order - 0173,USER - 03676,20231012,CUST - 023
Delivery - 0185,12/10/2023,13:35:59,Order - 0275,USER - 03676,20231012,CUST - 011
Delivery - 0186,12/10/2023,13:49:46,Order - 0276,USER - 03676,20231012,CUST - 011
Delivery - 0187,12/10/2023,13:56:42,Order - 0277,USER - 03676,20231012,CUST - 011
Delivery - 0188,12/10/2023,14:08:46,Order - 0278,USER - 03676,20231012,CUST - 011
Delivery - 0189,13/10/2023,10:59:37,Order - 0259,USER - 03676,20231013,CUST - 032
Delivery - 0190,16/10/2023,09:11:14,Order - 0135,USER - 03676,20231016,CUST - 005
Delivery - 0191,16/10/2023,11:09:49,Order - 0185,USER - 03676,20231016,CUST - 005
Delivery - 0192,16/10/2023,15:37:36,Order - 0281,USER - 03676,20231016,CUST - 011
Delivery - 0193,17/10/2023,08:18:27,Order - 0282,USER - 03676,20231017,CUST - 011
Delivery - 0194,19/10/2023,09:54:37,Order - 0259,USER - 03676,20231019,CUST - 032
Delivery - 0195,19/10/2023,10:24:07,Order - 0284,USER - 03676,20231019,CUST - 011
Delivery - 0196,19/10/2023,10:27:10,Order - 0285,USER - 03676,20231019,CUST - 011
Delivery - 0197,20/10/2023,09:31:52,Order - 0186,USER - 03676,20231020,CUST - 005
Delivery - 0198,20/10/2023,11:03:09,Order - 0259,USER - 03676,20231020,CUST - 032
Delivery - 0199,20/10/2023,11:52:43,Order - 0288,USER - 03676,20231020,CUST - 011
Delivery - 0200,20/10/2023,11:56:05,Order - 0289,USER - 03676,20231020,CUST - 011
Delivery - 0201,24/10/2023,08:53:43,Order - 0293,USER - 03676,20231024,CUST - 011
Delivery - 0202,24/10/2023,09:01:11,Order - 0294,USER - 03676,20231024,CUST - 011
Delivery - 0203,25/10/2023,12:03:54,Order - 0287,USER - 03676,20231025,CUST - 005
Delivery - 0204,25/10/2023,15:31:47,Order - 0185,USER - 03676,20231025,CUST - 005
Delivery - 0205,27/10/2023,10:28:27,Order - 0301,USER - 03676,20231027,CUST - 011
Delivery - 0206,27/10/2023,10:32:34,Order - 0259,USER - 03676,20231027,CUST - 032
Delivery - 0207,27/10/2023,11:00:25,Order - 0173,USER - 03676,20231027,CUST - 023
Delivery - 0208,30/10/2023,14:50:23,Order - 0303,USER - 03676,20231030,CUST - 011
Delivery - 0209,30/10/2023,14:53:21,Order - 0304,USER - 03676,20231030,CUST - 011
Delivery - 0210,31/10/2023,08:19:08,Order - 0135,USER - 03676,20231031,CUST - 005
Delivery - 0211,31/10/2023,08:32:34,Order - 0185,USER - 03676,20231031,CUST - 005
Delivery - 0212,31/10/2023,11:26:01,Order - 0173,USER - 03676,20231031,CUST - 023
Delivery - 0213,31/10/2023,12:14:06,Order - 0309,USER - 03676,20231031,CUST - 011
Delivery - 0214,02/11/2023,10:34:55,Order - 0173,USER - 03676,20231102,CUST - 023
Delivery - 0215,03/11/2023,10:01:06,Order - 0308,USER - 03676,20231103,CUST - 032
Delivery - 0216,06/11/2023,13:01:33,Order - 0311,USER - 03676,20231106,CUST - 011
Delivery - 0217,06/11/2023,13:04:43,Order - 0312,USER - 03676,20231106,CUST - 011
Delivery - 0218,08/11/2023,09:53:21,Order - 0313,USER - 03676,20231108,CUST - 011
Delivery - 0219,08/11/2023,09:56:05,Order - 0314,USER - 03676,20231108,CUST - 011
Delivery - 0220,08/11/2023,10:04:33,Order - 0315,USER - 03676,20231108,CUST - 011
Delivery - 0221,08/11/2023,10:22:19,Order - 0316,USER - 03676,20231108,CUST - 011
Delivery - 0222,09/11/2023,12:08:33,Order - 0319,USER - 03676,20231109,CUST - 011
Delivery - 0223,09/11/2023,15:05:10,Order - 0012,USER - 03676,20231109,CUST - 005
Delivery - 0224,10/11/2023,08:18:31,Order - 0324,USER - 03676,20231110,CUST - 011
Delivery - 0225,10/11/2023,08:23:20,Order - 0325,USER - 03676,20231110,CUST - 011
Delivery - 0226,10/11/2023,10:01:16,Order - 0173,USER - 03676,20231110,CUST - 023
Delivery - 0227,10/11/2023,11:04:10,Order - 0318,USER - 03676,20231110,CUST - 005
Delivery - 0228,13/11/2023,11:59:43,Order - 0173,USER - 03676,20231113,CUST - 023
Delivery - 0229,13/11/2023,12:22:56,Order - 0326,USER - 03676,20231113,CUST - 011
Delivery - 0230,13/11/2023,12:32:54,Order - 0327,USER - 03676,20231113,CUST - 011
Delivery - 0231,14/11/2023,08:59:56,Order - 0329,USER - 03676,20231114,CUST - 011
Delivery - 0232,14/11/2023,09:15:00,Order - 0330,USER - 03676,20231114,CUST - 011
Delivery - 0233,16/11/2023,10:42:53,Order - 0173,USER - 03676,20231116,CUST - 023
Delivery - 0234,16/11/2023,12:24:15,Order - 0338,USER - 03676,20231116,CUST - 011
Delivery - 0235,16/11/2023,12:26:34,Order - 0339,USER - 03676,20231116,CUST - 011
Delivery - 0236,16/11/2023,15:27:47,Order - 0340,USER - 03676,20231116,CUST - 011
Delivery - 0237,17/11/2023,08:45:33,Order - 0341,USER - 03676,20231117,CUST - 011
Delivery - 0238,17/11/2023,10:20:41,Order - 0120,USER - 03676,20231117,CUST - 005
Delivery - 0239,21/11/2023,14:03:15,Order - 0362,USER - 05664,20231121,CUST - 011
Delivery - 0240,21/11/2023,14:11:44,Order - 0363,USER - 05664,20231121,CUST - 011
Delivery - 0241,22/11/2023,13:53:09,Order - 0365,USER - 03676,20231122,CUST - 011
Delivery - 0242,23/11/2023,08:28:31,Order - 0378,USER - 03676,20231123,CUST - 011
Delivery - 0243,23/11/2023,09:39:27,Order - 0135,USER - 03676,20231123,CUST - 005
Delivery - 0244,23/11/2023,09:53:07,Order - 0173,USER - 03676,20231123,CUST - 023
Delivery - 0245,23/11/2023,12:11:48,Order - 0337,USER - 03676,20231123,CUST - 005
Delivery - 0246,24/11/2023,08:20:03,Order - 0389,USER - 03676,20231124,CUST - 011
Delivery - 0247,24/11/2023,11:02:59,Order - 0185,USER - 03676,20231124,CUST - 005
Delivery - 0248,27/11/2023,09:29:22,Order - 0390,USER - 03676,20231127,CUST - 011
Delivery - 0249,28/11/2023,09:10:53,Order - 0391,USER - 03676,20231128,CUST - 011
Delivery - 0250,29/11/2023,11:22:07,Order - 0395,USER - 03676,20231129,CUST - 011
Delivery - 0251,29/11/2023,11:23:53,Order - 0173,USER - 03676,20231129,CUST - 023
Delivery - 0252,29/11/2023,11:35:34,Order - 0396,USER - 03676,20231129,CUST - 011
Delivery - 0253,01/12/2023,08:22:13,Order - 0186,USER - 03676,20231201,CUST - 005
Delivery - 0254,04/12/2023,14:50:20,Order - 0186,USER - 03676,20231204,CUST - 005
Delivery - 0255,05/12/2023,11:20:22,Order - 0186,USER - 03676,20231205,CUST - 005
Delivery - 0256,06/12/2023,09:14:57,Order - 0418,USER - 03676,20231206,CUST - 011
Delivery - 0257,06/12/2023,09:18:41,Order - 0419,USER - 03676,20231206,CUST - 011
Delivery - 0258,06/12/2023,09:21:13,Order - 0420,USER - 03676,20231206,CUST - 011
Delivery - 0259,06/12/2023,11:04:53,Order - 0421,USER - 03676,20231206,CUST - 011
Delivery - 0260,08/12/2023,11:13:32,Order - 0427,USER - 03676,20231208,CUST - 011
Delivery - 0261,08/12/2023,11:17:35,Order - 0428,USER - 03676,20231208,CUST - 011
Delivery - 0262,11/12/2023,11:53:21,Order - 0424,USER - 03676,20231211,CUST - 032
Delivery - 0263,14/12/2023,11:48:18,Order - 0173,USER - 03676,20231214,CUST - 023
Delivery - 0264,14/12/2023,12:10:51,Order - 0379,USER - 03676,20231214,CUST - 023
Delivery - 0265,18/12/2023,12:15:32,Order - 0424,USER - 05724,20231218,CUST - 032
Delivery - 0266,19/12/2023,11:44:12,Order - 0495,USER - 03676,20231219,CUST - 005
Delivery - 0267,19/12/2023,13:02:57,Order - 0513,USER - 03676,20231219,CUST - 011
Delivery - 0268,20/12/2023,11:27:29,Order - 0554,USER - 03676,20231220,CUST - 011
Delivery - 0269,20/12/2023,11:35:31,Order - 0555,USER - 03676,20231220,CUST - 011
Delivery - 0270,03/01/2024,12:12:10,Order - 0583,USER - 03676,20231228,CUST - 011
Delivery - 0271,03/01/2024,14:04:24,Order - 0584,USER - 03676,20240103,CUST - 011
Delivery - 0272,04/01/2024,13:22:52,Order - 0585,USER - 03676,20240104,CUST - 011
Delivery - 0273,04/01/2024,13:26:13,Order - 0586,USER - 03676,20240104,CUST - 011
Delivery - 0274,04/01/2024,15:08:08,Order - 0588,USER - 03676,20240104,CUST - 011
Delivery - 0275,04/01/2024,15:14:48,Order - 0589,USER - 03676,20240104,CUST - 011
Delivery - 0276,04/01/2024,15:18:03,Order - 0590,USER - 03676,20240104,CUST - 011
Delivery - 0277,05/01/2024,10:57:22,Order - 0185,USER - 03676,20240105,CUST - 005
Delivery - 0278,11/01/2024,12:26:55,Order - 0379,USER - 03676,20240111,CUST - 023
Delivery - 0279,11/01/2024,14:43:41,Order - 0592,USER - 03676,20240111,CUST - 011
Delivery - 0280,11/01/2024,14:46:25,Order - 0593,USER - 03676,20240111,CUST - 011
Delivery - 0281,12/01/2024,08:27:48,Order - 0595,USER - 03676,20240112,CUST - 011
Delivery - 0282,12/01/2024,09:51:56,Order - 0591,USER - 03676,20240112,CUST - 005
Delivery - 0283,15/01/2024,13:24:49,Order - 0596,USER - 03676,20240115,CUST - 011
Delivery - 0284,16/01/2024,11:05:54,Order - 0597,USER - 03676,20240116,CUST - 011
Delivery - 0285,16/01/2024,11:10:43,Order - 0598,USER - 03676,20240116,CUST - 011
Delivery - 0286,17/01/2024,13:42:57,Order - 0600,USER - 03676,20240117,CUST - 011
Delivery - 0287,18/01/2024,09:01:36,Order - 0185,USER - 03676,20240118,CUST - 005
Delivery - 0288,18/01/2024,12:51:14,Order - 0601,USER - 03676,20240118,CUST - 011
Delivery - 0289,18/01/2024,13:07:13,Order - 0602,USER - 03676,20240118,CUST - 011
Delivery - 0290,19/01/2024,09:26:48,Order - 0606,USER - 03676,20240119,CUST - 011
Delivery - 0291,19/01/2024,13:26:57,Order - 0603,USER - 03676,20240119,CUST - 005
Delivery - 0292,22/01/2024,09:27:01,Order - 0607,USER - 03676,20240122,CUST - 011
Delivery - 0293,26/01/2024,11:35:55,Order - 0615,USER - 05664,20240126,CUST - 011
Delivery - 0294,26/01/2024,11:41:40,Order - 0616,USER - 05664,20240126,CUST - 011
Delivery - 0295,29/01/2024,12:57:09,Order - 0622,USER - 05664,20240129,CUST - 011
Delivery - 0296,30/01/2024,11:46:12,Order - 0623,USER - 05664,20240130,CUST - 011
Delivery - 0297,30/01/2024,11:50:55,Order - 0624,USER - 05664,20240130,CUST - 011
Delivery - 0298,31/01/2024,09:42:49,Order - 0654,USER - 03676,20240131,CUST - 011
Delivery - 0299,01/02/2024,15:09:03,Order - 0673,USER - 03676,20240201,CUST - 011
Delivery - 0300,01/02/2024,15:13:24,Order - 0674,USER - 03676,20240201,CUST - 011
Delivery - 0301,02/02/2024,09:55:01,Order - 0186,USER - 03676,20240202,CUST - 005
Delivery - 0302,06/02/2024,09:42:10,Order - 0679,USER - 03676,20240206,CUST - 011
Delivery - 0303,06/02/2024,10:13:25,Order - 0680,USER - 03676,20240206,CUST - 011
Delivery - 0304,06/02/2024,14:44:36,Order - 0655,USER - 03676,20240206,CUST - 002
Delivery - 0305,06/02/2024,15:46:40,Order - 0379,USER - 03676,20240206,CUST - 023
Delivery - 0306,07/02/2024,13:39:32,Order - 0684,USER - 03676,20240207,CUST - 011
Delivery - 0307,07/02/2024,13:43:00,Order - 0685,USER - 03676,20240207,CUST - 011
Delivery - 0308,08/02/2024,08:36:30,Order - 0686,USER - 03676,20240208,CUST - 011
Delivery - 0309,08/02/2024,09:23:04,Order - 0688,USER - 03676,20240208,CUST - 011
Delivery - 0310,08/02/2024,12:08:20,Order - 0135,USER - 03676,20240208,CUST - 005
Delivery - 0311,09/02/2024,12:28:21,Order - 0696,USER - 03676,20240209,CUST - 011
Delivery - 0312,09/02/2024,12:42:24,Order - 0695,USER - 03676,20240209,CUST - 011
Delivery - 0313,13/02/2024,11:24:58,Order - 0701,USER - 03676,20240213,CUST - 011
Delivery - 0314,13/02/2024,11:42:39,Order - 0702,USER - 03676,20240213,CUST - 011
Delivery - 0315,13/02/2024,15:17:21,Order - 0703,USER - 03676,20240213,CUST - 011
Delivery - 0316,15/02/2024,12:48:47,Order - 0379,,20240215,CUST - 023
Delivery - 0317,16/02/2024,12:14:58,Order - 0012,USER - 03676,20240216,CUST - 005
Delivery - 0318,16/02/2024,12:47:55,Order - 0739,USER - 03676,20240216,CUST - 011
Delivery - 0319,16/02/2024,12:52:34,Order - 0740,USER - 03676,20240216,CUST - 011
Delivery - 0320,19/02/2024,13:59:27,Order - 0741,USER - 03676,20240219,CUST - 011
Delivery - 0321,20/02/2024,13:02:45,Order - 0746,USER - 03676,20240220,CUST - 011
Delivery - 0322,20/02/2024,13:05:56,Order - 0748,USER - 03676,20240220,CUST - 011
Delivery - 0323,20/02/2024,14:53:00,Order - 0749,USER - 03676,20240220,CUST - 011
Delivery - 0324,21/02/2024,11:55:53,Order - 0767,USER - 03676,20240221,CUST - 011
Delivery - 0325,22/02/2024,08:31:00,Order - 0768,USER - 03676,20240222,CUST - 005
Delivery - 0326,22/02/2024,11:50:48,Order - 0785,USER - 03676,20240222,CUST - 011
Delivery - 0327,22/02/2024,11:54:46,Order - 0786,USER - 03676,20240222,CUST - 011
Delivery - 0328,22/02/2024,13:06:38,Order - 0687,USER - 07760,20240222,CUST - 005
Delivery - 0329,23/02/2024,10:51:39,Order - 0787,USER - 03676,20240223,CUST - 054
Delivery - 0330,23/02/2024,11:29:54,Order - 0379,USER - 03676,20240223,CUST - 023
Delivery - 0331,26/02/2024,15:04:14,Order - 0789,USER - 03676,20240226,CUST - 011
Delivery - 0332,27/02/2024,09:54:39,Order - 0790,USER - 03676,20240227,CUST - 011
Delivery - 0333,27/02/2024,10:00:46,Order - 0791,USER - 03676,20240227,CUST - 011
Delivery - 0334,27/02/2024,10:36:49,Order - 0792,USER - 03676,20240227,CUST - 005
Delivery - 0335,27/02/2024,12:32:57,Order - 0793,USER - 03676,20240227,CUST - 011
Delivery - 0336,27/02/2024,12:36:06,Order - 0794,USER - 03676,20240227,CUST - 011
Delivery - 0337,29/02/2024,12:18:36,Order - 0795,USER - 03676,20240229,CUST - 005
Delivery - 0338,29/02/2024,13:58:32,Order - 0809,USER - 03676,20240229,CUST - 011
Delivery - 0339,01/03/2024,11:51:13,Order - 0768,USER - 03676,20240301,CUST - 005
Delivery - 0340,01/03/2024,12:02:59,Order - 0818,USER - 03676,20240301,CUST - 011
Delivery - 0341,01/03/2024,12:05:27,Order - 0819,USER - 03676,20240301,CUST - 011
Delivery - 0342,04/03/2024,11:56:37,Order - 0820,USER - 03676,20240304,CUST - 011
Delivery - 0343,04/03/2024,12:00:11,Order - 0821,USER - 03676,20240304,CUST - 011
Delivery - 0344,05/03/2024,08:09:57,Order - 0822,USER - 03676,20240305,CUST - 011
Delivery - 0345,05/03/2024,08:16:02,Order - 0823,USER - 03676,20240305,CUST - 011
Delivery - 0346,07/03/2024,08:18:24,Order - 0838,USER - 03676,20240307,CUST - 011
Delivery - 0347,07/03/2024,08:21:39,Order - 0839,USER - 03676,20240307,CUST - 011
Delivery - 0348,08/03/2024,08:23:39,Order - 0843,USER - 03676,20240308,CUST - 011
Delivery - 0349,11/03/2024,08:20:40,Order - 0844,USER - 03676,20240311,CUST - 011
Delivery - 0350,12/03/2024,14:10:54,Order - 0845,USER - 05664,20240312,CUST - 011
Delivery - 0351,12/03/2024,14:20:21,Order - 0846,USER - 05664,20240312,CUST - 011
Delivery - 0352,14/03/2024,12:17:28,Order - 0379,USER - 03676,20240314,CUST - 023
Delivery - 0353,14/03/2024,13:45:10,Order - 0848,USER - 03676,20240314,CUST - 011
Delivery - 0354,14/03/2024,13:48:20,Order - 0849,USER - 03676,20240314,CUST - 011
Delivery - 0355,14/03/2024,15:08:29,Order - 0851,USER - 03676,20240314,CUST - 011
Delivery - 0356,14/03/2024,15:30:07,Order - 0852,USER - 03676,20240314,CUST - 011
Delivery - 0357,14/03/2024,15:34:38,Order - 0853,USER - 03676,20240314,CUST - 011
Delivery - 0358,15/03/2024,12:45:32,Order - 0854,USER - 03676,20240315,CUST - 005
Delivery - 0359,18/03/2024,15:09:38,Order - 0861,USER - 03676,20240318,CUST - 011
Delivery - 0360,18/03/2024,15:19:00,Order - 0862,USER - 03676,20240318,CUST - 011
Delivery - 0361,18/03/2024,15:22:28,Order - 0863,USER - 03676,20240318,CUST - 011
Delivery - 0362,19/03/2024,09:25:01,Order - 0864,USER - 03676,20240319,CUST - 011
Delivery - 0363,20/03/2024,10:03:30,Order - 0887,USER - 03676,20240320,CUST - 011
Delivery - 0364,20/03/2024,10:57:50,Order - 0888,USER - 03676,20240320,CUST - 011
Delivery - 0365,21/03/2024,13:10:16,Order - 0379,USER - 05724,20240321,CUST - 023
Delivery - 0366,22/03/2024,09:50:17,Order - 0841,USER - 03676,20240322,CUST - 005
Delivery - 0367,22/03/2024,11:45:10,Order - 0911,USER - 03676,20240322,CUST - 005
Delivery - 0368,22/03/2024,14:18:11,Order - 0912,USER - 03676,20240322,CUST - 011
Delivery - 0369,22/03/2024,14:24:48,Order - 0913,USER - 03676,20240322,CUST - 011
Delivery - 0370,22/03/2024,14:27:32,Order - 0914,USER - 03676,20240322,CUST - 011
Delivery - 0371,25/03/2024,13:24:56,Order - 0915,USER - 05664,20240325,CUST - 011
Delivery - 0372,25/03/2024,13:35:48,Order - 0916,USER - 05664,20240325,CUST - 011
Delivery - 0373,25/03/2024,13:42:52,Order - 0917,USER - 05664,20240325,CUST - 011
Delivery - 0374,27/03/2024,08:18:54,Order - 0768,USER - 03676,20240327,CUST - 005
Delivery - 0375,27/03/2024,08:28:44,Order - 0911,USER - 03676,20240327,CUST - 005
Delivery - 0376,27/03/2024,14:52:30,Order - 0934,USER - 03676,20240327,CUST - 011
Delivery - 0377,27/03/2024,14:56:20,Order - 0935,USER - 03676,20240327,CUST - 011
Delivery - 0378,27/03/2024,15:00:56,Order - 0936,USER - 03676,20240327,CUST - 011
Delivery - 0379,27/03/2024,15:07:08,Order - 0937,USER - 03676,20240327,CUST - 011
Delivery - 0380,27/03/2024,15:12:04,Order - 0938,USER - 03676,20240327,CUST - 011
Delivery - 0381,02/04/2024,09:13:29,Order - 0947,USER - 03676,20240402,CUST - 011
Delivery - 0382,02/04/2024,09:18:37,Order - 0948,USER - 03676,20240402,CUST - 011
Delivery - 0383,03/04/2024,15:30:51,Order - 0951,USER - 03676,20240403,CUST - 011
Delivery - 0384,03/04/2024,15:34:20,Order - 0952,USER - 03676,20240403,CUST - 011
Delivery - 0385,03/04/2024,15:37:02,Order - 0953,USER - 03676,20240403,CUST - 011
Delivery - 0386,04/04/2024,12:07:22,Order - 0379,USER - 03676,20240404,CUST - 023
Delivery - 0387,04/04/2024,13:18:42,Order - 0984,USER - 03676,20240404,CUST - 011
Delivery - 0388,08/04/2024,15:17:52,Order - 0987,USER - 03676,20240408,CUST - 011
Delivery - 0389,09/04/2024,12:32:49,Order - 0942,USER - 03676,20240409,CUST - 056
Delivery - 0390,09/04/2024,14:44:33,Order - 0988,USER - 03676,20240409,CUST - 011
Delivery - 0391,09/04/2024,14:47:20,Order - 0989,USER - 03676,20240409,CUST - 011
Delivery - 0392,10/04/2024,11:44:14,Order - 0994,USER - 03676,20240410,CUST - 011
Delivery - 0393,11/04/2024,12:10:50,Order - 0850,USER - 03676,20240411,CUST - 001
Delivery - 0394,11/04/2024,13:25:29,Order - 0993,USER - 03676,20240411,CUST - 005
Delivery - 0395,11/04/2024,15:24:44,Order - 1013,USER - 03676,20240411,CUST - 011
Delivery - 0396,15/04/2024,10:19:02,Order - 1022,USER - 03676,20240415,CUST - 011
Delivery - 0397,15/04/2024,10:24:31,Order - 1023,USER - 03676,20240415,CUST - 011
Delivery - 0398,15/04/2024,11:00:41,Order - 1024,USER - 03676,20240415,CUST - 011
Delivery - 0399,15/04/2024,13:06:56,Order - 1025,USER - 03676,20240415,CUST - 011
Delivery - 0400,16/04/2024,11:34:34,Order - 1026,USER - 03676,20240416,CUST - 011
Delivery - 0401,16/04/2024,14:53:57,Order - 1017,USER - 03676,20240416,CUST - 005
Delivery - 0402,17/04/2024,11:04:32,Order - 1039,USER - 03676,20240417,CUST - 023
Delivery - 0403,17/04/2024,14:50:54,Order - 1040,USER - 03676,20240417,CUST - 011
Delivery - 0404,17/04/2024,14:54:59,Order - 1041,USER - 03676,20240417,CUST - 011
Delivery - 0405,17/04/2024,15:02:56,Order - 1042,USER - 03676,20240417,CUST - 011
Delivery - 0406,17/04/2024,15:06:05,Order - 1043,USER - 03676,20240417,CUST - 011
Delivery - 0407,18/04/2024,12:05:40,Order - 0850,USER - 03676,20240418,CUST - 001
Delivery - 0408,18/04/2024,13:29:10,Order - 1044,USER - 03676,20240418,CUST - 011
Delivery - 0409,22/04/2024,13:35:47,Order - 1048,USER - 03676,20240422,CUST - 011
Delivery - 0410,22/04/2024,13:50:36,Order - 1049,USER - 03676,20240422,CUST - 011
Delivery - 0411,23/04/2024,13:02:07,Order - 1050,USER - 03676,20240423,CUST - 011
Delivery - 0412,24/04/2024,14:55:44,Order - 1039,USER - 03676,20240424,CUST - 023
Delivery - 0413,25/04/2024,10:45:29,Order - 1064,USER - 03676,20240425,CUST - 011
Delivery - 0414,25/04/2024,10:49:34,Order - 1065,USER - 03676,20240425,CUST - 011
Delivery - 0415,29/04/2024,08:16:46,Order - 0768,USER - 03676,20240429,CUST - 005
Delivery - 0416,29/04/2024,08:38:27,Order - 1066,USER - 03676,20240429,CUST - 005
Delivery - 0417,29/04/2024,13:44:39,Order - 1039,USER - 03676,20240429,CUST - 023
Delivery - 0418,29/04/2024,14:51:21,Order - 1070,USER - 03676,20240429,CUST - 011
Delivery - 0419,08/05/2024,08:19:42,Order - 1039,USER - 03676,20240508,CUST - 023
Delivery - 0420,08/05/2024,11:56:50,Order - 0850,USER - 03676,20240508,CUST - 001
Delivery - 0421,09/05/2024,13:24:39,Order - 1118,USER - 03676,20240509,CUST - 011
Delivery - 0422,09/05/2024,13:27:34,Order - 1119,USER - 03676,20240509,CUST - 011
Delivery - 0423,10/05/2024,13:26:02,Order - 1125,USER - 03676,20240510,CUST - 011
Delivery - 0424,10/05/2024,13:30:22,Order - 1126,USER - 03676,20240510,CUST - 011
Delivery - 0425,14/05/2024,11:23:43,Order - 1097,USER - 03676,20240514,CUST - 005
Delivery - 0426,14/05/2024,12:31:20,Order - 1129,USER - 03676,20240514,CUST - 011
Delivery - 0427,14/05/2024,12:36:28,Order - 1130,USER - 03676,20240514,CUST - 011
Delivery - 0428,15/05/2024,13:06:20,Order - 1133,USER - 03676,20240515,CUST - 011
Delivery - 0429,15/05/2024,14:04:39,Order - 1066,USER - 03676,20240515,CUST - 005
Delivery - 0430,16/05/2024,12:51:39,Order - 1160,USER - 03676,20240516,CUST - 011
Delivery - 0431,17/05/2024,08:43:55,Order - 0854,USER - 03676,20240517,CUST - 005
Delivery - 0432,17/05/2024,09:01:32,Order - 1162,USER - 03676,20240517,CUST - 011
Delivery - 0433,21/05/2024,15:45:40,Order - 1170,USER - 03676,20240521,CUST - 011
Delivery - 0434,21/05/2024,15:49:22,Order - 1172,USER - 03676,20240521,CUST - 011
Delivery - 0435,23/05/2024,11:52:42,Order - 1191,USER - 03676,20240523,CUST - 011
Delivery - 0436,24/05/2024,10:58:01,Order - 1192,USER - 03676,20240524,CUST - 011
Delivery - 0437,24/05/2024,11:07:13,Order - 1193,USER - 03676,20240524,CUST - 011
Delivery - 0438,24/05/2024,12:24:09,Order - 1190,USER - 03676,20240524,CUST - 011
Delivery - 0439,24/05/2024,12:28:46,Order - 1062,USER - 03676,20240524,CUST - 005
Delivery - 0440,24/05/2024,13:38:24,Order - 1194,USER - 03676,20240524,CUST - 011
Delivery - 0441,27/05/2024,11:44:35,Order - 1197,USER - 03676,20240527,CUST - 011
Delivery - 0442,27/05/2024,11:46:26,Order - 1198,USER - 03676,20240527,CUST - 011
Delivery - 0443,29/05/2024,13:34:59,Order - 1200,USER - 03676,20240529,CUST - 011
Delivery - 0444,04/06/2024,13:53:13,Order - 1218,USER - 03676,20240604,CUST - 011
Delivery - 0445,04/06/2024,13:55:52,Order - 1219,USER - 03676,20240604,CUST - 011
Delivery - 0446,05/06/2024,09:51:32,Order - 1234,USER - 03676,20240605,CUST - 011
Delivery - 0447,05/06/2024,09:58:54,Order - 1235,USER - 03676,20240605,CUST - 011
Delivery - 0448,06/06/2024,15:33:32,Order - 1238,USER - 03676,20240606,CUST - 011
Delivery - 0449,11/06/2024,11:33:02,Order - 1244,USER - 03676,20240611,CUST - 011
Delivery - 0450,11/06/2024,11:47:22,Order - 1245,USER - 03676,20240611,CUST - 011
Delivery - 0451,11/06/2024,13:27:53,Order - 1169,USER - 03676,20240611,CUST - 005
Delivery - 0452,11/06/2024,14:59:08,Order - 1240,USER - 03676,20240611,CUST - 005
Delivery - 0453,12/06/2024,11:41:26,Order - 1261,USER - 03676,20240612,CUST - 011
Delivery - 0454,12/06/2024,11:48:27,Order - 1262,USER - 03676,20240612,CUST - 011
Delivery - 0455,12/06/2024,14:55:56,Order - 1263,USER - 03676,20240612,CUST - 011
Delivery - 0456,12/06/2024,14:58:14,Order - 0768,USER - 03676,20240612,CUST - 005
Delivery - 0457,12/06/2024,15:04:06,Order - 0768,USER - 03676,20240612,CUST - 005
Delivery - 0458,12/06/2024,16:20:40,Order - 1189,USER - 03676,20240612,CUST - 005
Delivery - 0459,13/06/2024,08:37:20,Order - 1264,USER - 03676,20240613,CUST - 011
Delivery - 0460,13/06/2024,13:20:28,Order - 1267,USER - 03676,20240613,CUST - 011
Delivery - 0461,13/06/2024,13:31:01,Order - 1268,USER - 03676,20240613,CUST - 011
Delivery - 0462,17/06/2024,13:45:25,Order - 1269,USER - 03676,20240617,CUST - 011
Delivery - 0463,19/06/2024,15:33:05,Order - 1282,USER - 03676,20240619,CUST - 011
Delivery - 0464,19/06/2024,15:36:00,Order - 1283,USER - 03676,20240619,CUST - 011
Delivery - 0465,19/06/2024,15:40:42,Order - 1284,USER - 03676,20240619,CUST - 011
Delivery - 0466,20/06/2024,11:06:54,Order - 0850,USER - 03676,20240620,CUST - 001
Delivery - 0467,20/06/2024,12:03:00,Order - 1189,USER - 03676,20240620,CUST - 005
Delivery - 0468,24/06/2024,09:58:19,Order - 1302,USER - 03676,20240624,CUST - 011
Delivery - 0469,24/06/2024,10:01:43,Order - 1303,USER - 03676,20240624,CUST - 011
Delivery - 0470,25/06/2024,11:58:40,Order - 1304,USER - 03676,20240625,CUST - 011
Delivery - 0471,25/06/2024,12:02:32,Order - 1305,USER - 03676,20240625,CUST - 011
Delivery - 0472,25/06/2024,12:06:03,Order - 1306,USER - 03676,20240625,CUST - 011
Delivery - 0473,26/06/2024,09:43:44,Order - 1308,USER - 03676,20240626,CUST - 005
Delivery - 0474,26/06/2024,09:59:56,Order - 0854,USER - 03676,20240626,CUST - 005
Delivery - 0475,26/06/2024,11:03:41,Order - 0768,USER - 03676,20240626,CUST - 005
Delivery - 0476,26/06/2024,11:58:26,Order - 1309,USER - 03676,20240626,CUST - 011
Delivery - 0477,26/06/2024,12:33:02,Order - 1310,USER - 03676,20240626,CUST - 011
Delivery - 0478,27/06/2024,08:40:32,Order - 1311,USER - 03676,20240627,CUST - 011
Delivery - 0479,28/06/2024,08:30:54,Order - 1275,USER - 03676,20240628,CUST - 005
Delivery - 0480,01/07/2024,14:41:27,Order - 1334,USER - 03676,20240701,CUST - 011
Delivery - 0481,02/07/2024,12:11:58,Order - 1335,USER - 03676,20240702,CUST - 011
Delivery - 0482,03/07/2024,15:11:41,Order - 1362,USER - 03676,20240703,CUST - 011
Delivery - 0483,04/07/2024,09:39:22,Order - 1363,USER - 03676,20240704,CUST - 011
Delivery - 0484,04/07/2024,09:42:40,Order - 1364,USER - 03676,20240704,CUST - 011
Delivery - 0485,05/07/2024,08:28:02,Order - 1365,USER - 03676,20240705,CUST - 011
Delivery - 0486,09/07/2024,11:11:15,Order - 1240,USER - 03676,20240709,CUST - 005
Delivery - 0487,09/07/2024,11:17:31,Order - 1189,USER - 03676,20240709,CUST - 005
Delivery - 0488,09/07/2024,14:58:55,Order - 1369,USER - 03676,20240709,CUST - 011
Delivery - 0489,09/07/2024,15:02:30,Order - 1370,USER - 03676,20240709,CUST - 011
Delivery - 0490,10/07/2024,12:54:33,Order - 1387,USER - 03676,20240710,CUST - 011
Delivery - 0491,10/07/2024,12:55:51,Order - 1388,USER - 03676,20240710,CUST - 011
Delivery - 0492,12/07/2024,11:30:55,Order - 1392,USER - 03676,20240712,CUST - 011
Delivery - 0493,12/07/2024,13:10:42,Order - 1393,USER - 03676,20240712,CUST - 011
Delivery - 0494,15/07/2024,15:11:58,Order - 1394,USER - 03676,20240715,CUST - 011
Delivery - 0495,16/07/2024,14:02:40,Order - 1395,USER - 03676,20240716,CUST - 011
Delivery - 0496,16/07/2024,14:11:21,Order - 1396,USER - 03676,20240716,CUST - 011
Delivery - 0497,17/07/2024,12:34:40,Order - 1399,USER - 05664,20240717,CUST - 011
Delivery - 0498,17/07/2024,12:41:06,Order - 1400,USER - 05664,20240717,CUST - 011
Delivery - 0499,19/07/2024,11:53:37,Order - 1425,USER - 05664,20240719,CUST - 011
Delivery - 0500,23/07/2024,13:13:57,Order - 1432,USER - 05664,20240723,CUST - 011
Delivery - 0501,23/07/2024,13:48:45,Order - 1433,USER - 05664,20240723,CUST - 011
Delivery - 0502,23/07/2024,13:54:41,Order - 1435,USER - 05664,20240723,CUST - 011
Delivery - 0503,24/07/2024,14:22:52,Order - 1437,USER - 05664,20240724,CUST - 011
Delivery - 0504,24/07/2024,14:28:33,Order - 1438,USER - 05664,20240724,CUST - 011
Delivery - 0505,24/07/2024,14:33:25,Order - 1439,USER - 05664,20240724,CUST - 011
Delivery - 0506,25/07/2024,11:09:32,Order - 1440,USER - 05664,20240725,CUST - 011
Delivery - 0507,30/07/2024,12:50:01,Order - 1275,USER - 10696,20240730,CUST - 005
Delivery - 0508,30/07/2024,13:48:47,Order - 1445,USER - 05664,20240730,CUST - 011
Delivery - 0509,30/07/2024,13:54:17,Order - 1446,USER - 05664,20240730,CUST - 011
Delivery - 0510,30/07/2024,14:06:13,Order - 1447,USER - 05664,20240730,CUST - 011
Delivery - 0511,02/08/2024,09:41:41,Order - 0768,USER - 05724,20240802,CUST - 005
Delivery - 0512,02/08/2024,13:14:23,Order - 1480,USER - 05664,20240802,CUST - 011
Delivery - 0513,02/08/2024,13:25:36,Order - 1481,USER - 05664,20240802,CUST - 011
Delivery - 0514,07/08/2024,11:55:28,Order - 0768,USER - 05724,20240807,CUST - 005
Delivery - 0515,08/08/2024,11:02:24,Order - 1240,USER - 03676,20240808,CUST - 005
Delivery - 0516,14/08/2024,15:07:38,Order - 1521,USER - 03676,20240814,CUST - 011
Delivery - 0517,14/08/2024,15:48:27,Order - 1522,USER - 03676,20240814,CUST - 011
Delivery - 0518,14/08/2024,15:52:38,Order - 1523,USER - 03676,20240814,CUST - 011
Delivery - 0519,14/08/2024,15:59:09,Order - 1524,USER - 03676,20240814,CUST - 011
Delivery - 0520,20/08/2024,12:19:24,Order - 1527,USER - 03676,20240820,CUST - 011
Delivery - 0521,20/08/2024,13:36:41,Order - 1275,USER - 03676,20240820,CUST - 005
Delivery - 0522,21/08/2024,15:17:47,Order - 1530,USER - 03676,20240821,CUST - 011
Delivery - 0523,21/08/2024,15:22:00,Order - 1531,USER - 03676,20240821,CUST - 011
Delivery - 0524,22/08/2024,09:29:26,Order - 1554,USER - 03676,20240822,CUST - 011
Delivery - 0525,26/08/2024,12:54:10,Order - 1555,USER - 03676,20240826,CUST - 011
Delivery - 0526,26/08/2024,13:08:23,Order - 1556,USER - 03676,20240826,CUST - 011
Delivery - 0527,26/08/2024,13:14:06,Order - 1557,USER - 03676,20240826,CUST - 011
Delivery - 0528,27/08/2024,09:22:35,Order - 1558,USER - 03676,20240827,CUST - 011
Delivery - 0529,29/08/2024,10:59:15,Order - 1571,USER - 03676,20240829,CUST - 011
Delivery - 0530,30/08/2024,09:21:08,Order - 1275,USER - 03676,20240830,CUST - 005
Delivery - 0531,30/08/2024,11:30:25,Order - 1312,USER - 03676,20240830,CUST - 005
Delivery - 0532,04/09/2024,15:03:27,Order - 1596,USER - 03676,20240904,CUST - 011
Delivery - 0533,05/09/2024,09:41:35,Order - 1597,USER - 03676,20240905,CUST - 001
Delivery - 0534,09/09/2024,08:37:29,Order - 1275,USER - 03676,20240909,CUST - 005
Delivery - 0535,11/09/2024,08:48:07,Order - 1608,USER - 03676,20240911,CUST - 011
Delivery - 0536,13/09/2024,10:34:31,Order - 1597,USER - 03676,20240913,CUST - 001
Delivery - 0537,16/09/2024,13:46:06,Order - 1624,USER - 03676,20240916,CUST - 011
Delivery - 0538,17/09/2024,14:56:22,Order - 1597,USER - 03676,20240917,CUST - 001
Delivery - 0539,24/09/2024,10:48:23,Order - 1275,USER - 03676,20240924,CUST - 005
Delivery - 0540,26/09/2024,14:23:02,Order - 1664,USER - 03676,20240926,CUST - 011
Delivery - 0541,26/09/2024,14:52:02,Order - 1665,USER - 03676,20240926,CUST - 011
Delivery - 0542,26/09/2024,15:00:52,Order - 1666,USER - 03676,20240926,CUST - 011
Delivery - 0543,26/09/2024,15:04:37,Order - 1667,USER - 03676,20240926,CUST - 011
Delivery - 0544,26/09/2024,15:11:30,Order - 1668,USER - 03676,20240926,CUST - 011
Delivery - 0545,26/09/2024,15:15:09,Order - 1670,USER - 03676,20240926,CUST - 011
Delivery - 0546,26/09/2024,15:21:25,Order - 1671,USER - 03676,20240926,CUST - 011
Delivery - 0547,26/09/2024,15:23:48,Order - 1672,USER - 03676,20240926,CUST - 011
Delivery - 0548,26/09/2024,15:35:01,Order - 1674,USER - 03676,20240926,CUST - 011
Delivery - 0549,26/09/2024,15:37:55,Order - 1675,USER - 03676,20240926,CUST - 011
Delivery - 0550,26/09/2024,15:40:02,Order - 1676,USER - 03676,20240926,CUST - 011
Delivery - 0551,26/09/2024,15:43:19,Order - 1677,USER - 03676,20240926,CUST - 011
Delivery - 0552,26/09/2024,15:59:28,Order - 1673,USER - 03676,20240926,CUST - 011
Delivery - 0553,27/09/2024,09:20:30,Order - 1597,USER - 03676,20240927,CUST - 001
Delivery - 0554,27/09/2024,11:03:54,Order - 1679,USER - 03676,20240927,CUST - 011
Delivery - 0555,27/09/2024,11:25:33,Order - 1662,USER - 03676,20240927,CUST - 005
Delivery - 0556,30/09/2024,12:44:34,Order - 1682,USER - 03676,20240930,CUST - 011
Delivery - 0557,30/09/2024,12:52:40,Order - 1683,USER - 03676,20240930,CUST - 011
Delivery - 0558,01/10/2024,11:30:28,Order - 1684,USER - 03676,20241001,CUST - 011
Delivery - 0559,03/10/2024,12:25:16,Order - 1597,USER - 03676,20241003,CUST - 001
Delivery - 0560,03/10/2024,13:18:14,Order - 1691,USER - 03676,20241003,CUST - 011
Delivery - 0561,08/10/2024,08:35:34,Order - 1597,USER - 03676,20241008,CUST - 001
Delivery - 0562,08/10/2024,13:20:00,Order - 1719,USER - 03676,20241008,CUST - 011
Delivery - 0563,09/10/2024,10:48:06,Order - 0854,USER - 03676,20241009,CUST - 005
Delivery - 0564,09/10/2024,11:05:55,Order - 0792,USER - 03676,20241009,CUST - 005
Delivery - 0565,09/10/2024,13:25:30,Order - 1718,USER - 03676,20241009,CUST - 011
Delivery - 0566,10/10/2024,15:25:10,Order - 1736,USER - 03676,20241010,CUST - 011
Delivery - 0567,10/10/2024,15:35:21,Order - 1737,USER - 03676,20241010,CUST - 011
Delivery - 0568,14/10/2024,09:53:35,Order - 1738,USER - 03676,20241014,CUST - 011
Delivery - 0569,15/10/2024,09:39:19,Order - 1748,USER - 03676,20241015,CUST - 011
Delivery - 0570,15/10/2024,09:45:30,Order - 1749,USER - 03676,20241015,CUST - 011
Delivery - 0571,16/10/2024,13:08:50,Order - 0768,USER - 03676,20241016,CUST - 005
Delivery - 0572,16/10/2024,13:13:21,Order - 0854,USER - 03676,20241016,CUST - 005
Delivery - 0573,16/10/2024,15:33:10,Order - 1753,USER - 03676,20241016,CUST - 011
Delivery - 0574,17/10/2024,08:28:57,Order - 1754,USER - 03676,20241017,CUST - 011
Delivery - 0575,17/10/2024,08:38:39,Order - 1755,USER - 03676,20241017,CUST - 011
Delivery - 0576,17/10/2024,11:47:04,Order - 1756,USER - 03676,20241017,CUST - 011
Delivery - 0577,17/10/2024,11:50:15,Order - 1757,USER - 03676,20241017,CUST - 011
Delivery - 0578,18/10/2024,09:14:19,Order - 1669,USER - 03676,20241018,CUST - 005
Delivery - 0579,18/10/2024,11:00:52,Order - 1765,USER - 03676,20241018,CUST - 005
Delivery - 0580,21/10/2024,13:42:39,Order - 1766,USER - 03676,20241021,CUST - 011
Delivery - 0581,22/10/2024,11:32:26,Order - 1767,USER - 03676,20241022,CUST - 011
Delivery - 0582,22/10/2024,11:41:13,Order - 1768,USER - 03676,20241022,CUST - 011
Delivery - 0583,22/10/2024,11:43:51,Order - 1770,USER - 03676,20241022,CUST - 011
Delivery - 0585,25/10/2024,11:47:21,Order - 1805,USER - 03676,20241025,CUST - 011
Delivery - 0586,25/10/2024,11:51:50,Order - 1806,USER - 03676,20241025,CUST - 011
Delivery - 0587,28/10/2024,12:45:29,Order - 1811,USER - 03676,20241028,CUST - 011
Delivery - 0588,28/10/2024,12:51:45,Order - 1812,USER - 03676,20241028,CUST - 011
Delivery - 0589,29/10/2024,09:18:13,Order - 1814,USER - 03676,20241029,CUST - 011
Delivery - 0590,29/10/2024,09:33:01,Order - 1810,USER - 03676,20241029,CUST - 005
Delivery - 0591,04/11/2024,10:51:39,Order - 1858,USER - 03676,20241104,CUST - 011
Delivery - 0592,04/11/2024,10:55:47,Order - 1859,USER - 03676,20241104,CUST - 011
Delivery - 0593,05/11/2024,09:11:35,Order - 1861,USER - 03676,20241105,CUST - 011
Delivery - 0595,07/11/2024,12:40:51,Order - 1878,USER - 03676,20241107,CUST - 011
Delivery - 0596,08/11/2024,09:46:57,Order - 0768,USER - 03676,20241108,CUST - 005
Delivery - 0598,12/11/2024,11:20:04,Order - 1876,USER - 03676,20241112,CUST - 013
Delivery - 0599,12/11/2024,13:32:36,Order - 1884,USER - 03676,20241112,CUST - 011
Delivery - 0600,12/11/2024,13:35:45,Order - 1885,USER - 03676,20241112,CUST - 011
Delivery - 0601,12/11/2024,13:38:29,Order - 1886,USER - 03676,20241112,CUST - 011
Delivery - 0602,13/11/2024,11:43:05,Order - 1863,USER - 03676,20241113,CUST - 013
Delivery - 0603,13/11/2024,11:58:49,Order - 1902,USER - 03676,20241113,CUST - 011
Delivery - 0604,13/11/2024,13:00:46,Order - 1903,USER - 03676,20241113,CUST - 011
Delivery - 0605,15/11/2024,11:31:09,Order - 1906,USER - 03676,20241115,CUST - 011
Delivery - 0606,15/11/2024,11:36:15,Order - 1907,USER - 03676,20241115,CUST - 011
Delivery - 0608,19/11/2024,10:00:35,Order - 1915,USER - 03676,20241119,CUST - 011
Delivery - 0609,19/11/2024,10:58:20,Order - 1916,USER - 03676,20241119,CUST - 011
Delivery - 0610,19/11/2024,11:07:37,Order - 1917,USER - 03676,20241119,CUST - 011
Delivery - 0611,19/11/2024,11:15:34,Order - 1918,USER - 03676,20241119,CUST - 011
Delivery - 0612,20/11/2024,10:51:33,Order - 1919,USER - 03676,20241120,CUST - 005
Delivery - 0613,20/11/2024,11:56:01,Order - 1921,USER - 03676,20241120,CUST - 011
Delivery - 0614,21/11/2024,11:15:41,Order - 1765,USER - 03676,20241121,CUST - 005
Delivery - 0615,21/11/2024,11:24:32,Order - 1935,USER - 03676,20241121,CUST - 011
Delivery - 0616,22/11/2024,10:47:04,Order - 0768,USER - 03676,20241122,CUST - 005
Delivery - 0620,06/12/2024,09:01:31,Order - 1669,USER - 03676,20241206,CUST - 005
Delivery - 0621,06/12/2024,09:09:36,Order - 0768,USER - 03676,20241206,CUST - 005
Delivery - 0625,18/12/2024,11:30:40,Order - 0792,USER - 05724,20241218,CUST - 005
Delivery - 0626,18/12/2024,12:03:06,Order - 1876,USER - 05724,20241218,CUST - 013
