Order ID,Goods Issue ID,Creation date,Creation time
Order - 0001,GI - 000001,10/05/2023,16:12:27
Order - 0001,GI - 000002,10/05/2023,16:12:27
Order - 0001,GI - 000003,10/05/2023,16:12:27
Order - 0002,GI - 000004,15/05/2023,16:20:56
Order - 0002,GI - 000005,15/05/2023,16:20:56
Order - 0012,GI - 000006,25/05/2023,13:47:40
Order - 0012,GI - 000007,25/05/2023,13:47:40
Order - 0012,GI - 000008,25/05/2023,13:47:40
Order - 0012,GI - 000009,25/05/2023,13:47:40
Order - 0003,GI - 000010,25/05/2023,15:18:58
Order - 0003,GI - 000011,25/05/2023,15:18:58
Order - 0003,GI - 000012,25/05/2023,15:18:58
Order - 0016,GI - 000013,25/05/2023,15:24:57
Order - 0016,GI - 000014,25/05/2023,15:24:57
Order - 0016,GI - 000015,25/05/2023,15:24:57
Order - 0005,GI - 000016,25/05/2023,15:45:41
Order - 0005,GI - 000017,25/05/2023,15:45:41
Order - 0005,GI - 000018,25/05/2023,15:45:41
Order - 0004,GI - 000019,25/05/2023,16:53:15
Order - 0004,GI - 000020,25/05/2023,16:53:15
Order - 0004,GI - 000021,25/05/2023,16:53:15
Order - 0025,GI - 000022,31/05/2023,13:23:03
Order - 0026,GI - 000023,31/05/2023,13:43:23
Order - 0015,GI - 000024,02/06/2023,10:29:35
Order - 0015,GI - 000025,02/06/2023,10:29:35
Order - 0031,GI - 000026,02/06/2023,11:57:42
Order - 0032,GI - 000027,02/06/2023,13:24:27
Order - 0033,GI - 000028,05/06/2023,12:14:39
Order - 0018,GI - 000029,06/06/2023,11:51:15
Order - 0018,GI - 000030,06/06/2023,11:51:15
Order - 0018,GI - 000031,06/06/2023,11:51:15
Order - 0035,GI - 000032,06/06/2023,13:10:04
Order - 0039,GI - 000033,07/06/2023,08:48:49
Order - 0040,GI - 000034,07/06/2023,08:57:32
Order - 0015,GI - 000035,07/06/2023,16:15:28
Order - 0015,GI - 000036,07/06/2023,16:15:28
Order - 0015,GI - 000037,07/06/2023,16:29:17
Order - 0015,GI - 000038,07/06/2023,16:29:17
Order - 0045,GI - 000039,09/06/2023,09:47:24
Order - 0047,GI - 000040,12/06/2023,15:50:29
Order - 0050,GI - 000041,13/06/2023,13:30:53
Order - 0051,GI - 000042,13/06/2023,13:48:10
Order - 0052,GI - 000043,13/06/2023,13:57:22
Order - 0034,GI - 000044,13/06/2023,14:02:50
Order - 0034,GI - 000045,13/06/2023,14:02:50
Order - 0053,GI - 000046,15/06/2023,10:22:49
Order - 0054,GI - 000047,15/06/2023,10:29:18
Order - 0059,GI - 000048,20/06/2023,13:07:36
Order - 0060,GI - 000049,20/06/2023,13:15:15
Order - 0015,GI - 000050,21/06/2023,09:55:05
Order - 0015,GI - 000051,21/06/2023,09:55:05
Order - 0015,GI - 000052,21/06/2023,09:55:05
Order - 0018,GI - 000053,21/06/2023,12:53:25
Order - 0041,GI - 000054,21/06/2023,15:23:49
Order - 0041,GI - 000055,21/06/2023,15:23:49
Order - 0061,GI - 000056,22/06/2023,13:15:02
Order - 0062,GI - 000057,22/06/2023,13:24:53
Order - 0063,GI - 000058,23/06/2023,09:40:41
Order - 0015,GI - 000059,23/06/2023,12:58:14
Order - 0015,GI - 000060,23/06/2023,12:58:14
Order - 0015,GI - 000061,23/06/2023,12:58:14
Order - 0067,GI - 000062,26/06/2023,15:39:54
Order - 0069,GI - 000063,27/06/2023,14:14:57
Order - 0041,GI - 000064,27/06/2023,16:03:34
Order - 0041,GI - 000065,27/06/2023,16:03:34
Order - 0041,GI - 000066,27/06/2023,16:03:34
Order - 0071,GI - 000067,27/06/2023,16:24:13
Order - 0072,GI - 000068,28/06/2023,13:29:59
Order - 0041,GI - 000069,28/06/2023,15:34:50
Order - 0041,GI - 000070,28/06/2023,15:34:50
Order - 0041,GI - 000071,28/06/2023,15:34:50
Order - 0041,GI - 000072,28/06/2023,15:34:50
Order - 0041,GI - 000073,28/06/2023,16:20:32
Order - 0041,GI - 000074,28/06/2023,16:20:32
Order - 0041,GI - 000075,28/06/2023,16:20:32
Order - 0041,GI - 000076,28/06/2023,16:20:32
Order - 0074,GI - 000077,29/06/2023,11:06:12
Order - 0075,GI - 000078,29/06/2023,11:09:29
Order - 0076,GI - 000079,29/06/2023,11:13:49
Order - 0081,GI - 000080,30/06/2023,12:36:25
Order - 0084,GI - 000081,03/07/2023,15:25:16
Order - 0085,GI - 000082,03/07/2023,15:29:15
Order - 0077,GI - 000083,04/07/2023,11:19:37
Order - 0086,GI - 000084,04/07/2023,12:00:32
Order - 0087,GI - 000085,04/07/2023,12:04:05
Order - 0088,GI - 000086,04/07/2023,12:34:43
Order - 0092,GI - 000087,06/07/2023,15:59:04
Order - 0041,GI - 000088,06/07/2023,16:03:05
Order - 0041,GI - 000089,06/07/2023,16:03:05
Order - 0041,GI - 000090,06/07/2023,16:03:05
Order - 0041,GI - 000091,06/07/2023,16:03:05
Order - 0093,GI - 000092,06/07/2023,16:06:27
Order - 0094,GI - 000093,07/07/2023,08:30:28
Order - 0095,GI - 000094,07/07/2023,08:40:18
Order - 0079,GI - 000095,07/07/2023,12:55:57
Order - 0098,GI - 000096,11/07/2023,09:03:33
Order - 0099,GI - 000097,11/07/2023,09:09:33
Order - 0100,GI - 000098,11/07/2023,12:54:32
Order - 0015,GI - 000099,12/07/2023,09:19:05
Order - 0015,GI - 000100,12/07/2023,09:19:05
Order - 0015,GI - 000101,12/07/2023,09:19:05
Order - 0103,GI - 000102,13/07/2023,12:04:37
Order - 0079,GI - 000103,14/07/2023,12:07:02
Order - 0079,GI - 000104,14/07/2023,12:07:02
Order - 0079,GI - 000105,14/07/2023,12:07:02
Order - 0080,GI - 000106,14/07/2023,13:09:52
Order - 0080,GI - 000107,14/07/2023,13:09:52
Order - 0080,GI - 000108,14/07/2023,13:09:52
Order - 0015,GI - 000109,14/07/2023,17:03:07
Order - 0015,GI - 000110,14/07/2023,17:03:07
Order - 0015,GI - 000111,14/07/2023,17:03:07
Order - 0015,GI - 000112,14/07/2023,17:03:07
Order - 0105,GI - 000113,18/07/2023,09:59:37
Order - 0106,GI - 000114,18/07/2023,10:03:08
Order - 0107,GI - 000115,18/07/2023,10:13:45
Order - 0116,GI - 000116,21/07/2023,11:00:19
Order - 0015,GI - 000117,21/07/2023,11:28:49
Order - 0015,GI - 000118,21/07/2023,11:28:49
Order - 0015,GI - 000119,21/07/2023,11:28:49
Order - 0015,GI - 000120,21/07/2023,11:28:49
Order - 0117,GI - 000121,24/07/2023,13:54:22
Order - 0118,GI - 000122,25/07/2023,10:02:22
Order - 0118,GI - 000123,25/07/2023,10:02:22
Order - 0121,GI - 000124,25/07/2023,14:26:11
Order - 0122,GI - 000125,25/07/2023,14:33:51
Order - 0123,GI - 000126,25/07/2023,14:40:48
Order - 0124,GI - 000127,25/07/2023,14:45:39
Order - 0016,GI - 000128,26/07/2023,13:44:10
Order - 0016,GI - 000129,26/07/2023,13:44:10
Order - 0125,GI - 000130,27/07/2023,09:16:01
Order - 0129,GI - 000131,28/07/2023,11:07:37
Order - 0126,GI - 000132,28/07/2023,18:56:12
Order - 0113,GI - 000133,28/07/2023,18:57:35
Order - 0112,GI - 000134,28/07/2023,18:57:44
Order - 0112,GI - 000135,28/07/2023,18:57:44
Order - 0114,GI - 000136,31/07/2023,11:16:43
Order - 0120,GI - 000137,31/07/2023,12:13:50
Order - 0120,GI - 000138,31/07/2023,12:13:50
Order - 0112,GI - 000139,31/07/2023,13:35:18
Order - 0113,GI - 000140,31/07/2023,13:37:23
Order - 0133,GI - 000141,01/08/2023,14:32:40
Order - 0134,GI - 000142,02/08/2023,12:26:39
Order - 0016,GI - 000143,03/08/2023,11:38:27
Order - 0016,GI - 000144,03/08/2023,11:38:27
Order - 0016,GI - 000145,03/08/2023,11:38:27
Order - 0136,GI - 000146,03/08/2023,13:21:14
Order - 0142,GI - 000147,08/08/2023,12:30:22
Order - 0143,GI - 000148,08/08/2023,12:38:25
Order - 0144,GI - 000149,08/08/2023,12:42:49
Order - 0138,GI - 000150,08/08/2023,13:30:31
Order - 0148,GI - 000151,09/08/2023,14:28:25
Order - 0135,GI - 000152,10/08/2023,06:06:22
Order - 0135,GI - 000153,10/08/2023,06:06:22
Order - 0135,GI - 000154,10/08/2023,06:06:22
Order - 0135,GI - 000155,10/08/2023,06:06:22
Order - 0135,GI - 000156,10/08/2023,06:06:22
Order - 0120,GI - 000157,10/08/2023,06:06:42
Order - 0139,GI - 000158,10/08/2023,08:37:13
Order - 0135,GI - 000159,10/08/2023,11:04:31
Order - 0149,GI - 000160,10/08/2023,15:02:32
Order - 0151,GI - 000161,11/08/2023,10:06:32
Order - 0161,GI - 000162,17/08/2023,13:01:00
Order - 0162,GI - 000163,17/08/2023,13:08:33
Order - 0170,GI - 000164,21/08/2023,15:24:04
Order - 0171,GI - 000165,22/08/2023,13:13:39
Order - 0135,GI - 000166,22/08/2023,16:53:25
Order - 0135,GI - 000167,22/08/2023,16:53:25
Order - 0135,GI - 000168,22/08/2023,16:53:25
Order - 0135,GI - 000169,22/08/2023,16:53:25
Order - 0135,GI - 000170,22/08/2023,16:53:25
Order - 0135,GI - 000171,22/08/2023,16:53:25
Order - 0135,GI - 000172,23/08/2023,09:39:11
Order - 0135,GI - 000173,23/08/2023,09:39:11
Order - 0135,GI - 000174,23/08/2023,09:39:11
Order - 0135,GI - 000175,23/08/2023,09:39:11
Order - 0176,GI - 000176,23/08/2023,12:40:22
Order - 0173,GI - 000177,24/08/2023,13:41:37
Order - 0173,GI - 000178,24/08/2023,13:41:37
Order - 0173,GI - 000179,24/08/2023,13:41:37
Order - 0178,GI - 000180,24/08/2023,13:53:59
Order - 0031,GI - 000181,24/08/2023,15:36:35
Order - 0179,GI - 000182,24/08/2023,16:06:16
Order - 0180,GI - 000183,24/08/2023,16:10:21
Order - 0015,GI - 000184,25/08/2023,14:25:26
Order - 0015,GI - 000185,25/08/2023,14:25:26
Order - 0015,GI - 000186,25/08/2023,14:25:26
Order - 0015,GI - 000187,25/08/2023,14:25:26
Order - 0015,GI - 000188,25/08/2023,14:25:26
Order - 0015,GI - 000189,25/08/2023,14:25:26
Order - 0177,GI - 000190,25/08/2023,14:26:52
Order - 0177,GI - 000191,25/08/2023,14:26:52
Order - 0177,GI - 000192,25/08/2023,14:26:52
Order - 0181,GI - 000193,28/08/2023,12:45:48
Order - 0182,GI - 000194,28/08/2023,12:48:37
Order - 0041,GI - 000195,28/08/2023,13:18:33
Order - 0041,GI - 000196,28/08/2023,13:18:33
Order - 0183,GI - 000197,29/08/2023,09:53:17
Order - 0184,GI - 000198,29/08/2023,09:58:31
Order - 0015,GI - 000199,30/08/2023,13:52:52
Order - 0015,GI - 000200,30/08/2023,13:52:52
Order - 0015,GI - 000201,30/08/2023,13:52:52
Order - 0193,GI - 000202,30/08/2023,14:16:25
Order - 0194,GI - 000203,30/08/2023,14:22:17
Order - 0186,GI - 000204,31/08/2023,11:17:01
Order - 0186,GI - 000205,31/08/2023,11:17:01
Order - 0085,GI - 000206,31/08/2023,13:19:22
Order - 0087,GI - 000207,31/08/2023,15:05:12
Order - 0105,GI - 000208,31/08/2023,15:06:44
Order - 0084,GI - 000209,31/08/2023,15:08:58
Order - 0093,GI - 000210,31/08/2023,15:11:32
Order - 0092,GI - 000211,31/08/2023,15:13:20
Order - 0099,GI - 000212,31/08/2023,15:15:42
Order - 0116,GI - 000213,31/08/2023,15:16:56
Order - 0121,GI - 000214,31/08/2023,15:18:29
Order - 0125,GI - 000215,31/08/2023,15:19:37
Order - 0195,GI - 000216,31/08/2023,15:23:33
Order - 0015,GI - 000217,01/09/2023,15:16:36
Order - 0015,GI - 000218,01/09/2023,15:16:36
Order - 0015,GI - 000219,01/09/2023,15:16:36
Order - 0135,GI - 000220,04/09/2023,09:33:45
Order - 0135,GI - 000221,04/09/2023,09:33:45
Order - 0135,GI - 000222,04/09/2023,09:33:45
Order - 0185,GI - 000223,04/09/2023,09:36:00
Order - 0185,GI - 000224,04/09/2023,09:36:00
Order - 0185,GI - 000225,04/09/2023,09:36:00
Order - 0196,GI - 000226,04/09/2023,11:43:09
Order - 0197,GI - 000227,05/09/2023,13:07:37
Order - 0198,GI - 000228,05/09/2023,13:20:36
Order - 0200,GI - 000229,07/09/2023,11:21:04
Order - 0201,GI - 000230,07/09/2023,11:50:31
Order - 0202,GI - 000231,07/09/2023,11:53:55
Order - 0052,GI - 000232,07/09/2023,15:50:42
Order - 0047,GI - 000233,07/09/2023,15:54:01
Order - 0062,GI - 000234,07/09/2023,15:55:19
Order - 0063,GI - 000235,07/09/2023,15:56:00
Order - 0074,GI - 000236,07/09/2023,15:56:25
Order - 0039,GI - 000237,07/09/2023,15:56:48
Order - 0060,GI - 000238,07/09/2023,15:57:00
Order - 0071,GI - 000239,07/09/2023,15:57:07
Order - 0208,GI - 000240,08/09/2023,08:51:35
Order - 0209,GI - 000241,08/09/2023,09:14:32
Order - 0195,GI - 000242,08/09/2023,09:54:14
Order - 0173,GI - 000243,08/09/2023,12:16:08
Order - 0173,GI - 000244,08/09/2023,12:16:08
Order - 0173,GI - 000245,08/09/2023,12:16:08
Order - 0015,GI - 000246,08/09/2023,14:34:07
Order - 0015,GI - 000247,08/09/2023,14:34:07
Order - 0015,GI - 000248,08/09/2023,14:34:07
Order - 0211,GI - 000249,11/09/2023,12:13:34
Order - 0212,GI - 000250,11/09/2023,15:30:27
Order - 0213,GI - 000251,11/09/2023,15:46:52
Order - 0214,GI - 000252,12/09/2023,09:46:07
Order - 0215,GI - 000253,12/09/2023,09:50:18
Order - 0210,GI - 000254,12/09/2023,11:45:00
Order - 0210,GI - 000255,12/09/2023,11:45:00
Order - 0184,GI - 000256,12/09/2023,16:23:23
Order - 0151,GI - 000257,12/09/2023,16:28:01
Order - 0149,GI - 000258,12/09/2023,16:30:07
Order - 0178,GI - 000259,12/09/2023,16:32:45
Order - 0194,GI - 000260,12/09/2023,16:34:02
Order - 0217,GI - 000261,12/09/2023,16:40:44
Order - 0221,GI - 000262,14/09/2023,09:50:45
Order - 0173,GI - 000263,14/09/2023,10:17:19
Order - 0173,GI - 000264,14/09/2023,10:17:19
Order - 0219,GI - 000265,14/09/2023,12:36:24
Order - 0219,GI - 000266,14/09/2023,12:36:24
Order - 0135,GI - 000267,14/09/2023,12:37:41
Order - 0135,GI - 000268,14/09/2023,12:37:41
Order - 0135,GI - 000269,14/09/2023,12:37:41
Order - 0216,GI - 000270,14/09/2023,12:47:05
Order - 0224,GI - 000271,15/09/2023,11:14:06
Order - 0223,GI - 000272,18/09/2023,11:50:23
Order - 0223,GI - 000273,18/09/2023,11:50:23
Order - 0226,GI - 000274,19/09/2023,10:15:18
Order - 0232,GI - 000275,20/09/2023,08:30:10
Order - 0227,GI - 000276,20/09/2023,12:10:27
Order - 0227,GI - 000277,20/09/2023,12:10:27
Order - 0173,GI - 000278,21/09/2023,11:28:45
Order - 0173,GI - 000279,21/09/2023,11:28:45
Order - 0135,GI - 000280,21/09/2023,12:45:13
Order - 0135,GI - 000281,21/09/2023,12:45:13
Order - 0135,GI - 000282,21/09/2023,12:45:13
Order - 0233,GI - 000283,21/09/2023,13:18:12
Order - 0234,GI - 000284,21/09/2023,13:22:51
Order - 0236,GI - 000285,22/09/2023,11:56:20
Order - 0120,GI - 000286,22/09/2023,12:48:05
Order - 0228,GI - 000287,22/09/2023,12:56:02
Order - 0228,GI - 000288,22/09/2023,12:56:02
Order - 0238,GI - 000289,26/09/2023,11:05:52
Order - 0239,GI - 000290,26/09/2023,11:15:44
Order - 0242,GI - 000291,27/09/2023,08:27:38
Order - 0243,GI - 000292,27/09/2023,10:22:07
Order - 0247,GI - 000293,28/09/2023,10:01:41
Order - 0248,GI - 000294,28/09/2023,10:26:47
Order - 0235,GI - 000295,29/09/2023,10:17:20
Order - 0235,GI - 000296,29/09/2023,10:17:20
Order - 0173,GI - 000297,29/09/2023,10:24:02
Order - 0173,GI - 000298,29/09/2023,10:24:02
Order - 0185,GI - 000299,29/09/2023,12:52:35
Order - 0185,GI - 000300,29/09/2023,12:52:35
Order - 0185,GI - 000301,29/09/2023,12:52:35
Order - 0256,GI - 000302,02/10/2023,11:51:19
Order - 0257,GI - 000303,02/10/2023,11:57:06
Order - 0258,GI - 000304,03/10/2023,14:17:22
Order - 0252,GI - 000305,04/10/2023,10:17:51
Order - 0252,GI - 000306,04/10/2023,10:17:51
Order - 0260,GI - 000307,05/10/2023,12:50:50
Order - 0261,GI - 000308,05/10/2023,12:58:13
Order - 0173,GI - 000309,06/10/2023,11:59:45
Order - 0173,GI - 000310,06/10/2023,11:59:45
Order - 0264,GI - 000311,09/10/2023,12:42:52
Order - 0265,GI - 000312,09/10/2023,12:58:04
Order - 0266,GI - 000313,09/10/2023,13:01:26
Order - 0269,GI - 000314,10/10/2023,13:49:14
Order - 0272,GI - 000315,11/10/2023,13:15:48
Order - 0273,GI - 000316,11/10/2023,13:20:30
Order - 0215,GI - 000317,11/10/2023,13:22:35
Order - 0202,GI - 000318,11/10/2023,13:24:05
Order - 0209,GI - 000319,11/10/2023,13:24:46
Order - 0224,GI - 000320,11/10/2023,13:25:49
Order - 0236,GI - 000321,11/10/2023,13:26:31
Order - 0234,GI - 000322,11/10/2023,13:27:01
Order - 0232,GI - 000323,11/10/2023,13:27:49
Order - 0243,GI - 000324,11/10/2023,13:28:21
Order - 0242,GI - 000325,11/10/2023,13:28:56
Order - 0248,GI - 000326,11/10/2023,13:30:01
Order - 0173,GI - 000327,12/10/2023,12:10:33
Order - 0173,GI - 000328,12/10/2023,12:10:33
Order - 0273,GI - 000329,12/10/2023,13:32:47
Order - 0275,GI - 000330,12/10/2023,13:40:19
Order - 0276,GI - 000331,12/10/2023,13:50:18
Order - 0277,GI - 000332,12/10/2023,13:57:32
Order - 0278,GI - 000333,12/10/2023,14:09:07
Order - 0259,GI - 000334,13/10/2023,11:01:42
Order - 0259,GI - 000335,13/10/2023,11:01:42
Order - 0135,GI - 000336,16/10/2023,09:18:32
Order - 0135,GI - 000337,16/10/2023,09:18:32
Order - 0135,GI - 000338,16/10/2023,09:18:32
Order - 0185,GI - 000339,16/10/2023,11:16:21
Order - 0185,GI - 000340,16/10/2023,11:16:21
Order - 0281,GI - 000341,16/10/2023,15:39:48
Order - 0282,GI - 000342,17/10/2023,08:20:30
Order - 0259,GI - 000343,19/10/2023,10:02:45
Order - 0259,GI - 000344,19/10/2023,10:02:45
Order - 0284,GI - 000345,19/10/2023,10:24:39
Order - 0285,GI - 000346,19/10/2023,10:28:05
Order - 0186,GI - 000347,20/10/2023,09:36:01
Order - 0186,GI - 000348,20/10/2023,09:36:01
Order - 0259,GI - 000349,20/10/2023,11:05:40
Order - 0259,GI - 000350,20/10/2023,11:05:40
Order - 0288,GI - 000351,20/10/2023,11:53:41
Order - 0289,GI - 000352,20/10/2023,11:56:46
Order - 0293,GI - 000353,24/10/2023,08:54:36
Order - 0294,GI - 000354,24/10/2023,09:03:06
Order - 0287,GI - 000355,25/10/2023,12:05:24
Order - 0287,GI - 000356,25/10/2023,12:05:24
Order - 0185,GI - 000357,25/10/2023,15:37:14
Order - 0185,GI - 000358,25/10/2023,15:37:14
Order - 0301,GI - 000359,27/10/2023,10:29:21
Order - 0173,GI - 000360,27/10/2023,11:02:37
Order - 0173,GI - 000361,27/10/2023,11:02:37
Order - 0259,GI - 000362,27/10/2023,11:16:06
Order - 0259,GI - 000363,27/10/2023,11:16:06
Order - 0303,GI - 000364,30/10/2023,14:51:01
Order - 0304,GI - 000365,30/10/2023,14:53:51
Order - 0135,GI - 000366,31/10/2023,08:26:23
Order - 0135,GI - 000367,31/10/2023,08:26:23
Order - 0135,GI - 000368,31/10/2023,08:26:23
Order - 0135,GI - 000369,31/10/2023,08:26:23
Order - 0185,GI - 000370,31/10/2023,08:34:48
Order - 0185,GI - 000371,31/10/2023,08:34:48
Order - 0173,GI - 000372,31/10/2023,11:28:30
Order - 0173,GI - 000373,31/10/2023,11:28:30
Order - 0309,GI - 000374,31/10/2023,12:14:55
Order - 0173,GI - 000375,02/11/2023,10:57:39
Order - 0173,GI - 000376,02/11/2023,10:57:39
Order - 0308,GI - 000377,03/11/2023,10:03:18
Order - 0308,GI - 000378,03/11/2023,10:03:18
Order - 0311,GI - 000379,06/11/2023,13:02:01
Order - 0312,GI - 000380,06/11/2023,13:08:52
Order - 0313,GI - 000381,08/11/2023,09:54:11
Order - 0314,GI - 000382,08/11/2023,09:56:59
Order - 0315,GI - 000383,08/11/2023,10:05:43
Order - 0316,GI - 000384,08/11/2023,10:51:53
Order - 0319,GI - 000385,09/11/2023,12:09:01
Order - 0012,GI - 000386,09/11/2023,16:20:00
Order - 0012,GI - 000387,09/11/2023,16:20:00
Order - 0012,GI - 000388,09/11/2023,16:20:00
Order - 0324,GI - 000389,10/11/2023,08:20:49
Order - 0325,GI - 000390,10/11/2023,08:23:50
Order - 0173,GI - 000391,10/11/2023,10:03:25
Order - 0173,GI - 000392,10/11/2023,10:03:25
Order - 0318,GI - 000393,10/11/2023,11:07:32
Order - 0318,GI - 000394,10/11/2023,11:07:32
Order - 0173,GI - 000395,13/11/2023,12:01:00
Order - 0173,GI - 000396,13/11/2023,12:01:00
Order - 0326,GI - 000397,13/11/2023,12:27:06
Order - 0327,GI - 000398,13/11/2023,12:33:55
Order - 0329,GI - 000399,14/11/2023,09:10:43
Order - 0330,GI - 000400,14/11/2023,09:15:46
Order - 0173,GI - 000401,16/11/2023,10:48:04
Order - 0173,GI - 000402,16/11/2023,10:48:04
Order - 0338,GI - 000403,16/11/2023,12:24:35
Order - 0339,GI - 000404,16/11/2023,12:29:56
Order - 0269,GI - 000405,16/11/2023,14:16:56
Order - 0278,GI - 000406,16/11/2023,14:17:57
Order - 0258,GI - 000407,16/11/2023,15:02:48
Order - 0261,GI - 000408,16/11/2023,15:03:56
Order - 0265,GI - 000409,16/11/2023,15:04:34
Order - 0239,GI - 000410,16/11/2023,15:24:42
Order - 0340,GI - 000411,16/11/2023,15:28:52
Order - 0341,GI - 000412,17/11/2023,08:46:00
Order - 0120,GI - 000413,17/11/2023,10:23:54
Order - 0120,GI - 000414,17/11/2023,10:23:54
Order - 0362,GI - 000415,21/11/2023,14:04:45
Order - 0363,GI - 000416,21/11/2023,14:13:10
Order - 0365,GI - 000417,22/11/2023,13:53:58
Order - 0378,GI - 000418,23/11/2023,08:29:40
Order - 0135,GI - 000419,23/11/2023,09:43:44
Order - 0135,GI - 000420,23/11/2023,09:43:44
Order - 0173,GI - 000421,23/11/2023,09:55:17
Order - 0173,GI - 000422,23/11/2023,09:55:17
Order - 0337,GI - 000423,23/11/2023,12:20:15
Order - 0337,GI - 000424,23/11/2023,12:20:15
Order - 0389,GI - 000425,24/11/2023,08:20:41
Order - 0277,GI - 000426,24/11/2023,10:17:13
Order - 0185,GI - 000427,24/11/2023,11:04:59
Order - 0185,GI - 000428,24/11/2023,11:04:59
Order - 0390,GI - 000429,27/11/2023,09:30:09
Order - 0391,GI - 000430,28/11/2023,09:12:15
Order - 0395,GI - 000431,29/11/2023,11:22:45
Order - 0173,GI - 000432,29/11/2023,11:25:34
Order - 0173,GI - 000433,29/11/2023,11:25:34
Order - 0396,GI - 000434,29/11/2023,11:36:35
Order - 0186,GI - 000435,01/12/2023,08:27:32
Order - 0186,GI - 000436,01/12/2023,08:27:32
Order - 0186,GI - 000437,04/12/2023,14:57:03
Order - 0186,GI - 000438,04/12/2023,14:57:03
Order - 0186,GI - 000439,04/12/2023,14:57:03
Order - 0186,GI - 000440,05/12/2023,11:27:54
Order - 0186,GI - 000441,05/12/2023,11:27:54
Order - 0186,GI - 000442,05/12/2023,11:27:54
Order - 0418,GI - 000443,06/12/2023,09:16:33
Order - 0419,GI - 000444,06/12/2023,09:19:20
Order - 0420,GI - 000445,06/12/2023,09:21:57
Order - 0421,GI - 000446,06/12/2023,11:05:27
Order - 0427,GI - 000447,08/12/2023,11:14:10
Order - 0428,GI - 000448,08/12/2023,11:19:52
Order - 0424,GI - 000449,11/12/2023,11:59:04
Order - 0424,GI - 000450,11/12/2023,11:59:04
Order - 0324,GI - 000451,11/12/2023,13:54:41
Order - 0316,GI - 000452,11/12/2023,13:55:49
Order - 0363,GI - 000453,11/12/2023,13:58:34
Order - 0326,GI - 000454,11/12/2023,13:58:47
Order - 0391,GI - 000455,11/12/2023,14:00:30
Order - 0315,GI - 000456,11/12/2023,14:01:41
Order - 0396,GI - 000457,11/12/2023,14:02:45
Order - 0173,GI - 000458,14/12/2023,11:51:32
Order - 0173,GI - 000459,14/12/2023,11:51:32
Order - 0379,GI - 000460,14/12/2023,12:14:46
Order - 0379,GI - 000461,14/12/2023,12:14:46
Order - 0424,GI - 000462,18/12/2023,12:27:21
Order - 0424,GI - 000463,18/12/2023,12:27:21
Order - 0495,GI - 000464,19/12/2023,11:46:33
Order - 0495,GI - 000465,19/12/2023,11:46:33
Order - 0513,GI - 000466,19/12/2023,13:03:53
Order - 0554,GI - 000467,20/12/2023,11:31:17
Order - 0555,GI - 000468,20/12/2023,11:36:17
Order - 0583,GI - 000469,03/01/2024,12:20:19
Order - 0584,GI - 000470,03/01/2024,14:04:55
Order - 0585,GI - 000471,04/01/2024,13:24:14
Order - 0586,GI - 000472,04/01/2024,13:27:17
Order - 0588,GI - 000473,04/01/2024,15:09:26
Order - 0589,GI - 000474,04/01/2024,15:15:35
Order - 0590,GI - 000475,04/01/2024,15:18:36
Order - 0185,GI - 000476,05/01/2024,11:02:46
Order - 0185,GI - 000477,05/01/2024,11:02:46
Order - 0379,GI - 000478,11/01/2024,12:28:23
Order - 0379,GI - 000479,11/01/2024,12:28:23
Order - 0592,GI - 000480,11/01/2024,14:44:11
Order - 0593,GI - 000481,11/01/2024,14:47:05
Order - 0595,GI - 000482,12/01/2024,08:29:05
Order - 0591,GI - 000483,12/01/2024,09:53:58
Order - 0591,GI - 000484,12/01/2024,09:53:58
Order - 0596,GI - 000485,15/01/2024,13:26:10
Order - 0597,GI - 000486,16/01/2024,11:06:36
Order - 0598,GI - 000487,16/01/2024,11:11:44
Order - 0600,GI - 000488,17/01/2024,13:43:42
Order - 0185,GI - 000489,18/01/2024,09:09:33
Order - 0185,GI - 000490,18/01/2024,09:09:33
Order - 0601,GI - 000491,18/01/2024,12:52:24
Order - 0602,GI - 000492,18/01/2024,13:08:12
Order - 0606,GI - 000493,19/01/2024,09:27:42
Order - 0603,GI - 000494,19/01/2024,13:28:10
Order - 0603,GI - 000495,19/01/2024,13:28:10
Order - 0607,GI - 000496,22/01/2024,09:28:23
Order - 0615,GI - 000497,26/01/2024,11:36:55
Order - 0616,GI - 000498,26/01/2024,11:42:24
Order - 0622,GI - 000499,29/01/2024,12:59:58
Order - 0623,GI - 000500,30/01/2024,11:47:26
Order - 0624,GI - 000501,30/01/2024,11:51:59
Order - 0654,GI - 000502,31/01/2024,09:43:43
Order - 0673,GI - 000503,01/02/2024,15:09:33
Order - 0674,GI - 000504,01/02/2024,15:14:11
Order - 0186,GI - 000505,02/02/2024,09:57:09
Order - 0186,GI - 000506,02/02/2024,09:57:09
Order - 0679,GI - 000507,06/02/2024,10:10:07
Order - 0680,GI - 000508,06/02/2024,10:14:04
Order - 0655,GI - 000509,06/02/2024,15:43:25
Order - 0379,GI - 000510,06/02/2024,15:48:53
Order - 0379,GI - 000511,06/02/2024,15:48:53
Order - 0684,GI - 000512,07/02/2024,13:41:17
Order - 0685,GI - 000513,07/02/2024,13:43:22
Order - 0686,GI - 000514,08/02/2024,08:37:44
Order - 0688,GI - 000515,08/02/2024,09:24:36
Order - 0135,GI - 000516,08/02/2024,12:11:24
Order - 0135,GI - 000517,08/02/2024,12:11:24
Order - 0696,GI - 000518,09/02/2024,12:28:44
Order - 0695,GI - 000519,09/02/2024,12:43:46
Order - 0701,GI - 000520,13/02/2024,11:26:22
Order - 0702,GI - 000521,13/02/2024,11:43:56
Order - 0586,GI - 000522,13/02/2024,15:07:25
Order - 0616,GI - 000523,13/02/2024,15:09:05
Order - 0588,GI - 000524,13/02/2024,15:11:28
Order - 0598,GI - 000525,13/02/2024,15:13:12
Order - 0623,GI - 000526,13/02/2024,15:14:55
Order - 0703,GI - 000527,13/02/2024,15:18:29
Order - 0379,GI - 000528,15/02/2024,12:51:52
Order - 0379,GI - 000529,15/02/2024,12:51:52
Order - 0012,GI - 000530,16/02/2024,12:21:03
Order - 0012,GI - 000531,16/02/2024,12:21:03
Order - 0739,GI - 000532,16/02/2024,12:48:24
Order - 0740,GI - 000533,16/02/2024,12:53:10
Order - 0741,GI - 000534,19/02/2024,14:00:09
Order - 0746,GI - 000535,20/02/2024,13:03:51
Order - 0748,GI - 000536,20/02/2024,13:06:34
Order - 0749,GI - 000537,20/02/2024,14:55:16
Order - 0767,GI - 000538,21/02/2024,11:56:58
Order - 0768,GI - 000539,22/02/2024,08:39:26
Order - 0768,GI - 000540,22/02/2024,08:39:26
Order - 0785,GI - 000541,22/02/2024,11:51:11
Order - 0786,GI - 000542,22/02/2024,11:55:21
Order - 0687,GI - 000543,22/02/2024,13:16:51
Order - 0687,GI - 000544,22/02/2024,13:16:51
Order - 0687,GI - 000545,22/02/2024,13:16:51
Order - 0787,GI - 000546,23/02/2024,10:52:35
Order - 0787,GI - 000547,23/02/2024,10:52:35
Order - 0379,GI - 000548,23/02/2024,11:32:00
Order - 0379,GI - 000549,23/02/2024,11:32:00
Order - 0789,GI - 000550,26/02/2024,15:07:54
Order - 0790,GI - 000551,27/02/2024,09:57:02
Order - 0791,GI - 000552,27/02/2024,10:01:46
Order - 0792,GI - 000553,27/02/2024,10:41:02
Order - 0792,GI - 000554,27/02/2024,10:41:02
Order - 0793,GI - 000555,27/02/2024,12:33:25
Order - 0794,GI - 000556,27/02/2024,12:36:46
Order - 0795,GI - 000557,29/02/2024,12:24:00
Order - 0795,GI - 000558,29/02/2024,12:24:00
Order - 0795,GI - 000559,29/02/2024,12:24:00
Order - 0795,GI - 000560,29/02/2024,12:24:00
Order - 0809,GI - 000561,29/02/2024,14:01:09
Order - 0768,GI - 000562,01/03/2024,11:58:46
Order - 0768,GI - 000563,01/03/2024,11:58:46
Order - 0818,GI - 000564,01/03/2024,12:03:32
Order - 0819,GI - 000565,01/03/2024,12:06:12
Order - 0820,GI - 000566,04/03/2024,11:57:04
Order - 0821,GI - 000567,04/03/2024,12:00:54
Order - 0822,GI - 000568,05/03/2024,08:10:33
Order - 0823,GI - 000569,05/03/2024,08:17:27
Order - 0838,GI - 000570,07/03/2024,08:19:00
Order - 0839,GI - 000571,07/03/2024,08:21:59
Order - 0843,GI - 000572,08/03/2024,08:24:35
Order - 0844,GI - 000573,11/03/2024,08:24:04
Order - 0845,GI - 000574,12/03/2024,14:12:15
Order - 0846,GI - 000575,12/03/2024,14:21:18
Order - 0379,GI - 000576,14/03/2024,12:18:57
Order - 0379,GI - 000577,14/03/2024,12:18:57
Order - 0848,GI - 000578,14/03/2024,13:45:42
Order - 0849,GI - 000579,14/03/2024,13:48:52
Order - 0674,GI - 000580,14/03/2024,13:53:34
Order - 0740,GI - 000581,14/03/2024,13:55:25
Order - 0786,GI - 000582,14/03/2024,13:58:42
Order - 0684,GI - 000583,14/03/2024,14:45:27
Order - 0702,GI - 000584,14/03/2024,14:47:33
Order - 0746,GI - 000585,14/03/2024,14:48:50
Order - 0748,GI - 000586,14/03/2024,14:51:03
Order - 0851,GI - 000587,14/03/2024,15:10:07
Order - 0852,GI - 000588,14/03/2024,15:31:01
Order - 0853,GI - 000589,14/03/2024,15:35:18
Order - 0854,GI - 000590,15/03/2024,12:48:24
Order - 0854,GI - 000591,15/03/2024,12:48:24
Order - 0854,GI - 000592,15/03/2024,12:48:24
Order - 0861,GI - 000593,18/03/2024,15:10:53
Order - 0862,GI - 000594,18/03/2024,15:19:55
Order - 0863,GI - 000595,18/03/2024,15:24:21
Order - 0864,GI - 000596,19/03/2024,09:25:56
Order - 0887,GI - 000597,20/03/2024,10:03:56
Order - 0888,GI - 000598,20/03/2024,10:58:26
Order - 0379,GI - 000599,21/03/2024,13:30:18
Order - 0841,GI - 000600,22/03/2024,09:53:10
Order - 0841,GI - 000601,22/03/2024,09:53:10
Order - 0911,GI - 000602,22/03/2024,11:54:28
Order - 0911,GI - 000603,22/03/2024,11:54:28
Order - 0911,GI - 000604,22/03/2024,11:54:28
Order - 0912,GI - 000605,22/03/2024,14:20:11
Order - 0913,GI - 000606,22/03/2024,14:25:25
Order - 0914,GI - 000607,22/03/2024,14:33:24
Order - 0915,GI - 000608,25/03/2024,13:27:14
Order - 0916,GI - 000609,25/03/2024,13:36:38
Order - 0917,GI - 000610,25/03/2024,13:43:54
Order - 0768,GI - 000611,27/03/2024,08:25:12
Order - 0768,GI - 000612,27/03/2024,08:25:12
Order - 0768,GI - 000613,27/03/2024,08:25:12
Order - 0911,GI - 000614,27/03/2024,08:33:01
Order - 0911,GI - 000615,27/03/2024,08:33:01
Order - 0934,GI - 000616,27/03/2024,14:52:53
Order - 0935,GI - 000617,27/03/2024,14:56:56
Order - 0936,GI - 000618,27/03/2024,15:02:29
Order - 0937,GI - 000619,27/03/2024,15:07:52
Order - 0938,GI - 000620,27/03/2024,15:20:38
Order - 0947,GI - 000621,02/04/2024,09:14:40
Order - 0948,GI - 000622,02/04/2024,09:19:40
Order - 0951,GI - 000623,03/04/2024,15:31:52
Order - 0952,GI - 000624,03/04/2024,15:34:51
Order - 0953,GI - 000625,03/04/2024,15:39:08
Order - 0984,GI - 000626,04/04/2024,13:19:04
Order - 0379,GI - 000627,04/04/2024,16:14:01
Order - 0379,GI - 000628,04/04/2024,16:14:01
Order - 0987,GI - 000629,08/04/2024,15:22:33
Order - 0988,GI - 000630,09/04/2024,14:45:39
Order - 0989,GI - 000631,09/04/2024,14:47:59
Order - 0942,GI - 000632,09/04/2024,19:40:38
Order - 0942,GI - 000633,09/04/2024,19:40:38
Order - 0994,GI - 000634,10/04/2024,12:00:18
Order - 0850,GI - 000635,11/04/2024,12:12:08
Order - 0850,GI - 000636,11/04/2024,12:12:08
Order - 0850,GI - 000637,11/04/2024,13:43:04
Order - 0850,GI - 000638,11/04/2024,13:43:04
Order - 0850,GI - 000639,11/04/2024,13:43:04
Order - 0993,GI - 000640,11/04/2024,13:46:29
Order - 0993,GI - 000641,11/04/2024,13:46:29
Order - 1013,GI - 000642,11/04/2024,15:25:04
Order - 1022,GI - 000643,15/04/2024,10:20:19
Order - 1023,GI - 000644,15/04/2024,10:27:44
Order - 1024,GI - 000645,15/04/2024,11:08:59
Order - 0852,GI - 000646,15/04/2024,12:25:11
Order - 0861,GI - 000647,15/04/2024,12:29:03
Order - 0887,GI - 000648,15/04/2024,12:31:21
Order - 0917,GI - 000649,15/04/2024,12:37:25
Order - 0938,GI - 000650,15/04/2024,12:38:56
Order - 0845,GI - 000651,15/04/2024,12:50:41
Order - 0823,GI - 000652,15/04/2024,12:51:37
Order - 0863,GI - 000653,15/04/2024,12:53:16
Order - 0936,GI - 000654,15/04/2024,12:54:22
Order - 1025,GI - 000655,15/04/2024,13:07:35
Order - 1026,GI - 000656,16/04/2024,11:35:10
Order - 1017,GI - 000657,16/04/2024,14:56:03
Order - 1017,GI - 000658,16/04/2024,14:56:03
Order - 1039,GI - 000659,17/04/2024,14:08:58
Order - 1039,GI - 000660,17/04/2024,14:08:58
Order - 1040,GI - 000661,17/04/2024,14:51:49
Order - 1041,GI - 000662,17/04/2024,14:57:41
Order - 1042,GI - 000663,17/04/2024,15:03:36
Order - 1043,GI - 000664,17/04/2024,15:07:55
Order - 0850,GI - 000665,18/04/2024,12:06:55
Order - 0850,GI - 000666,18/04/2024,12:06:55
Order - 0850,GI - 000667,18/04/2024,12:46:27
Order - 0850,GI - 000668,18/04/2024,12:46:27
Order - 0850,GI - 000669,18/04/2024,12:46:27
Order - 0850,GI - 000670,18/04/2024,12:48:59
Order - 0850,GI - 000671,18/04/2024,12:48:59
Order - 0850,GI - 000672,18/04/2024,12:48:59
Order - 0850,GI - 000673,18/04/2024,12:52:28
Order - 0850,GI - 000674,18/04/2024,12:52:28
Order - 0850,GI - 000675,18/04/2024,12:52:28
Order - 1044,GI - 000676,18/04/2024,13:29:51
Order - 1048,GI - 000677,22/04/2024,13:36:26
Order - 1049,GI - 000678,22/04/2024,13:52:02
Order - 1050,GI - 000679,23/04/2024,13:02:33
Order - 1039,GI - 000680,24/04/2024,14:56:56
Order - 1039,GI - 000681,24/04/2024,14:56:56
Order - 1064,GI - 000682,25/04/2024,10:46:10
Order - 1065,GI - 000683,25/04/2024,10:50:51
Order - 0768,GI - 000684,29/04/2024,08:23:54
Order - 0768,GI - 000685,29/04/2024,08:23:54
Order - 0768,GI - 000686,29/04/2024,08:23:54
Order - 1066,GI - 000687,29/04/2024,08:42:12
Order - 1066,GI - 000688,29/04/2024,08:42:12
Order - 1039,GI - 000689,29/04/2024,13:46:13
Order - 1039,GI - 000690,29/04/2024,13:46:13
Order - 1070,GI - 000691,29/04/2024,14:51:56
Order - 1039,GI - 000692,08/05/2024,08:21:24
Order - 1039,GI - 000693,08/05/2024,08:21:24
Order - 0850,GI - 000694,08/05/2024,11:58:25
Order - 0850,GI - 000695,08/05/2024,11:58:25
Order - 0850,GI - 000696,08/05/2024,12:40:48
Order - 0850,GI - 000697,08/05/2024,12:40:48
Order - 0850,GI - 000698,08/05/2024,12:47:17
Order - 0850,GI - 000699,08/05/2024,12:47:17
Order - 0850,GI - 000700,08/05/2024,12:47:17
Order - 1118,GI - 000701,09/05/2024,13:25:09
Order - 1119,GI - 000702,09/05/2024,13:29:17
Order - 0987,GI - 000703,10/05/2024,13:16:23
Order - 1023,GI - 000704,10/05/2024,13:17:47
Order - 1041,GI - 000705,10/05/2024,13:19:24
Order - 1044,GI - 000706,10/05/2024,13:20:35
Order - 0947,GI - 000707,10/05/2024,13:21:48
Order - 0951,GI - 000708,10/05/2024,13:22:45
Order - 0953,GI - 000709,10/05/2024,13:23:40
Order - 1043,GI - 000710,10/05/2024,13:24:27
Order - 1125,GI - 000711,10/05/2024,13:26:35
Order - 1125,GI - 000712,10/05/2024,13:29:29
Order - 1126,GI - 000713,10/05/2024,13:30:43
Order - 1097,GI - 000714,14/05/2024,11:25:57
Order - 1097,GI - 000715,14/05/2024,11:25:57
Order - 1129,GI - 000716,14/05/2024,12:32:25
Order - 1130,GI - 000717,14/05/2024,12:39:54
Order - 1133,GI - 000718,15/05/2024,13:06:45
Order - 1066,GI - 000719,15/05/2024,14:07:56
Order - 1066,GI - 000720,15/05/2024,14:07:56
Order - 1160,GI - 000721,16/05/2024,12:52:16
Order - 0854,GI - 000722,17/05/2024,08:49:23
Order - 0854,GI - 000723,17/05/2024,08:49:23
Order - 0854,GI - 000724,17/05/2024,08:49:23
Order - 1162,GI - 000725,17/05/2024,09:03:46
Order - 1170,GI - 000726,21/05/2024,15:46:12
Order - 1172,GI - 000727,21/05/2024,15:50:03
Order - 1191,GI - 000728,23/05/2024,11:53:30
Order - 1192,GI - 000729,24/05/2024,11:01:05
Order - 1193,GI - 000730,24/05/2024,11:09:13
Order - 1190,GI - 000731,24/05/2024,12:25:22
Order - 1062,GI - 000732,24/05/2024,12:39:13
Order - 1062,GI - 000733,24/05/2024,12:39:13
Order - 1062,GI - 000734,24/05/2024,12:39:13
Order - 1062,GI - 000735,24/05/2024,12:39:13
Order - 1062,GI - 000736,24/05/2024,12:39:13
Order - 1062,GI - 000737,24/05/2024,12:39:13
Order - 1194,GI - 000738,24/05/2024,13:39:36
Order - 1197,GI - 000739,27/05/2024,11:45:00
Order - 1198,GI - 000740,27/05/2024,11:46:50
Order - 1200,GI - 000741,29/05/2024,13:35:21
Order - 1218,GI - 000742,04/06/2024,13:54:07
Order - 1219,GI - 000743,04/06/2024,13:56:50
Order - 1234,GI - 000744,05/06/2024,09:52:45
Order - 1235,GI - 000745,05/06/2024,09:59:38
Order - 1238,GI - 000746,06/06/2024,15:35:11
Order - 1244,GI - 000747,11/06/2024,11:34:43
Order - 1245,GI - 000748,11/06/2024,11:48:12
Order - 1169,GI - 000749,11/06/2024,13:30:36
Order - 1169,GI - 000750,11/06/2024,13:30:36
Order - 1240,GI - 000751,11/06/2024,15:04:36
Order - 1240,GI - 000752,11/06/2024,15:04:36
Order - 1240,GI - 000753,11/06/2024,15:04:36
Order - 1240,GI - 000754,11/06/2024,15:04:36
Order - 1261,GI - 000755,12/06/2024,11:41:49
Order - 1262,GI - 000756,12/06/2024,11:51:09
Order - 1129,GI - 000757,12/06/2024,14:53:05
Order - 1193,GI - 000758,12/06/2024,14:54:05
Order - 1130,GI - 000759,12/06/2024,14:55:35
Order - 1263,GI - 000760,12/06/2024,14:56:35
Order - 0768,GI - 000761,12/06/2024,15:00:43
Order - 0768,GI - 000762,12/06/2024,15:00:43
Order - 0768,GI - 000763,12/06/2024,15:09:07
Order - 0768,GI - 000764,12/06/2024,15:09:07
Order - 1189,GI - 000765,12/06/2024,16:26:39
Order - 1189,GI - 000766,12/06/2024,16:26:39
Order - 1189,GI - 000767,12/06/2024,16:26:39
Order - 1189,GI - 000768,12/06/2024,16:26:39
Order - 1264,GI - 000769,13/06/2024,08:37:59
Order - 1267,GI - 000770,13/06/2024,13:27:04
Order - 1268,GI - 000771,13/06/2024,13:31:48
Order - 1269,GI - 000772,17/06/2024,13:46:02
Order - 1282,GI - 000773,19/06/2024,15:34:05
Order - 1283,GI - 000774,19/06/2024,15:36:49
Order - 1284,GI - 000775,19/06/2024,15:41:48
Order - 0850,GI - 000776,20/06/2024,11:11:19
Order - 0850,GI - 000777,20/06/2024,11:11:19
Order - 0850,GI - 000778,20/06/2024,12:55:59
Order - 0850,GI - 000779,20/06/2024,12:55:59
Order - 0850,GI - 000780,20/06/2024,12:55:59
Order - 1189,GI - 000781,20/06/2024,13:41:52
Order - 1189,GI - 000782,20/06/2024,13:41:52
Order - 1189,GI - 000783,20/06/2024,13:41:52
Order - 1189,GI - 000784,20/06/2024,13:41:52
Order - 1302,GI - 000785,24/06/2024,09:59:01
Order - 1303,GI - 000786,24/06/2024,10:03:23
Order - 1304,GI - 000787,25/06/2024,11:59:38
Order - 1305,GI - 000788,25/06/2024,12:03:05
Order - 1306,GI - 000789,25/06/2024,12:06:45
Order - 1308,GI - 000790,26/06/2024,09:45:58
Order - 1308,GI - 000791,26/06/2024,09:45:58
Order - 0854,GI - 000792,26/06/2024,10:03:07
Order - 0854,GI - 000793,26/06/2024,10:03:07
Order - 0768,GI - 000794,26/06/2024,11:08:44
Order - 0768,GI - 000795,26/06/2024,11:08:44
Order - 0768,GI - 000796,26/06/2024,11:08:44
Order - 1309,GI - 000797,26/06/2024,11:59:52
Order - 1310,GI - 000798,26/06/2024,12:33:44
Order - 1311,GI - 000799,27/06/2024,08:40:53
Order - 1275,GI - 000800,28/06/2024,08:33:12
Order - 1275,GI - 000801,28/06/2024,08:33:12
Order - 1334,GI - 000802,01/07/2024,14:42:40
Order - 1335,GI - 000803,02/07/2024,12:13:38
Order - 1362,GI - 000804,03/07/2024,15:12:18
Order - 1363,GI - 000805,04/07/2024,09:40:02
Order - 1364,GI - 000806,04/07/2024,09:43:28
Order - 1365,GI - 000807,05/07/2024,08:37:30
Order - 1240,GI - 000808,09/07/2024,11:16:20
Order - 1240,GI - 000809,09/07/2024,11:16:20
Order - 1240,GI - 000810,09/07/2024,11:16:20
Order - 1240,GI - 000811,09/07/2024,11:16:20
Order - 1189,GI - 000812,09/07/2024,11:19:34
Order - 1189,GI - 000813,09/07/2024,11:19:34
Order - 1369,GI - 000814,09/07/2024,15:00:10
Order - 1370,GI - 000815,09/07/2024,15:08:18
Order - 1268,GI - 000816,10/07/2024,12:37:57
Order - 1309,GI - 000817,10/07/2024,12:39:53
Order - 1234,GI - 000818,10/07/2024,12:40:59
Order - 1219,GI - 000819,10/07/2024,12:50:38
Order - 1245,GI - 000820,10/07/2024,12:51:52
Order - 1264,GI - 000821,10/07/2024,12:53:18
Order - 1283,GI - 000822,10/07/2024,12:54:14
Order - 1387,GI - 000823,10/07/2024,12:55:17
Order - 1388,GI - 000824,10/07/2024,12:56:25
Order - 1392,GI - 000825,12/07/2024,11:32:26
Order - 1393,GI - 000826,12/07/2024,13:15:27
Order - 1394,GI - 000827,15/07/2024,15:13:42
Order - 1395,GI - 000828,16/07/2024,14:03:34
Order - 1396,GI - 000829,16/07/2024,14:12:19
Order - 1399,GI - 000830,17/07/2024,12:35:52
Order - 1400,GI - 000831,17/07/2024,12:42:19
Order - 1425,GI - 000832,19/07/2024,11:54:19
Order - 1432,GI - 000833,23/07/2024,13:15:12
Order - 1433,GI - 000834,23/07/2024,13:49:57
Order - 1435,GI - 000835,23/07/2024,13:55:24
Order - 1437,GI - 000836,24/07/2024,14:24:03
Order - 1438,GI - 000837,24/07/2024,14:29:51
Order - 1439,GI - 000838,24/07/2024,14:34:47
Order - 1440,GI - 000839,25/07/2024,11:10:30
Order - 1445,GI - 000840,30/07/2024,13:50:38
Order - 1446,GI - 000841,30/07/2024,13:55:11
Order - 1447,GI - 000842,30/07/2024,14:06:47
Order - 1275,GI - 000843,31/07/2024,09:25:32
Order - 0768,GI - 000844,02/08/2024,09:48:32
Order - 1480,GI - 000845,02/08/2024,13:15:48
Order - 1481,GI - 000846,02/08/2024,13:26:22
Order - 0768,GI - 000847,07/08/2024,12:06:10
Order - 0768,GI - 000848,07/08/2024,12:06:10
Order - 1240,GI - 000849,08/08/2024,11:06:49
Order - 1240,GI - 000850,08/08/2024,11:06:49
Order - 1240,GI - 000851,08/08/2024,11:06:49
Order - 1240,GI - 000852,08/08/2024,11:06:49
Order - 1335,GI - 000853,14/08/2024,14:59:48
Order - 1334,GI - 000854,14/08/2024,15:01:43
Order - 1395,GI - 000855,14/08/2024,15:02:59
Order - 1432,GI - 000856,14/08/2024,15:04:29
Order - 1521,GI - 000857,14/08/2024,15:09:34
Order - 1522,GI - 000858,14/08/2024,15:49:06
Order - 1523,GI - 000859,14/08/2024,15:53:40
Order - 1524,GI - 000860,14/08/2024,16:00:01
Order - 1527,GI - 000861,20/08/2024,12:21:58
Order - 1275,GI - 000862,20/08/2024,13:38:58
Order - 1275,GI - 000863,20/08/2024,13:38:58
Order - 1530,GI - 000864,21/08/2024,15:18:44
Order - 1531,GI - 000865,21/08/2024,15:22:48
Order - 1554,GI - 000866,22/08/2024,09:30:02
Order - 1555,GI - 000867,26/08/2024,12:54:47
Order - 1556,GI - 000868,26/08/2024,13:08:57
Order - 1557,GI - 000869,26/08/2024,13:15:07
Order - 1558,GI - 000870,27/08/2024,09:23:17
Order - 1571,GI - 000871,29/08/2024,11:00:16
Order - 1275,GI - 000872,30/08/2024,09:23:26
Order - 1275,GI - 000873,30/08/2024,09:23:26
Order - 1312,GI - 000874,30/08/2024,11:34:02
Order - 1312,GI - 000875,30/08/2024,11:34:02
Order - 1312,GI - 000876,30/08/2024,11:34:02
Order - 1597,GI - 000877,05/09/2024,10:19:05
Order - 1597,GI - 000878,05/09/2024,10:19:05
Order - 1597,GI - 000879,05/09/2024,10:19:05
Order - 1275,GI - 000880,09/09/2024,08:42:57
Order - 1275,GI - 000881,09/09/2024,08:42:57
Order - 1275,GI - 000882,09/09/2024,08:42:57
Order - 1275,GI - 000883,09/09/2024,08:42:57
Order - 1597,GI - 000884,13/09/2024,11:09:38
Order - 1597,GI - 000885,13/09/2024,11:09:38
Order - 1597,GI - 000886,13/09/2024,11:09:38
Order - 1597,GI - 000887,13/09/2024,11:19:36
Order - 1597,GI - 000888,13/09/2024,11:19:36
Order - 1597,GI - 000889,13/09/2024,11:19:36
Order - 1597,GI - 000890,17/09/2024,15:06:15
Order - 1597,GI - 000891,17/09/2024,15:06:15
Order - 1597,GI - 000892,17/09/2024,15:06:15
Order - 1275,GI - 000893,24/09/2024,10:51:53
Order - 1275,GI - 000894,24/09/2024,10:51:53
Order - 1596,GI - 000895,26/09/2024,11:16:59
Order - 1596,GI - 000896,26/09/2024,14:20:03
Order - 1664,GI - 000897,26/09/2024,14:23:46
Order - 1624,GI - 000898,26/09/2024,14:31:10
Order - 1608,GI - 000899,26/09/2024,14:39:53
Order - 1665,GI - 000900,26/09/2024,14:53:21
Order - 1666,GI - 000901,26/09/2024,15:01:59
Order - 1667,GI - 000902,26/09/2024,15:05:15
Order - 1668,GI - 000903,26/09/2024,15:12:10
Order - 1670,GI - 000904,26/09/2024,15:16:25
Order - 1671,GI - 000905,26/09/2024,15:22:17
Order - 1672,GI - 000906,26/09/2024,15:24:11
Order - 1674,GI - 000907,26/09/2024,15:35:41
Order - 1675,GI - 000908,26/09/2024,15:38:23
Order - 1676,GI - 000909,26/09/2024,15:40:34
Order - 1677,GI - 000910,26/09/2024,15:44:06
Order - 1673,GI - 000911,26/09/2024,16:00:21
Order - 1597,GI - 000912,27/09/2024,09:38:24
Order - 1597,GI - 000913,27/09/2024,09:38:24
Order - 1597,GI - 000914,27/09/2024,09:38:24
Order - 1679,GI - 000915,27/09/2024,11:05:56
Order - 1527,GI - 000916,27/09/2024,11:08:10
Order - 1445,GI - 000917,27/09/2024,11:09:40
Order - 1557,GI - 000918,27/09/2024,11:13:53
Order - 1523,GI - 000919,27/09/2024,11:14:52
Order - 1531,GI - 000920,27/09/2024,11:16:07
Order - 1662,GI - 000921,27/09/2024,11:36:20
Order - 1662,GI - 000922,27/09/2024,11:36:20
Order - 1662,GI - 000923,27/09/2024,11:36:20
Order - 1662,GI - 000924,27/09/2024,11:36:20
Order - 1662,GI - 000925,27/09/2024,11:36:20
Order - 1662,GI - 000926,27/09/2024,11:36:20
Order - 1662,GI - 000927,27/09/2024,11:36:20
Order - 1662,GI - 000928,27/09/2024,11:36:20
Order - 1682,GI - 000929,30/09/2024,12:45:09
Order - 1683,GI - 000930,30/09/2024,12:54:40
Order - 1684,GI - 000931,01/10/2024,11:33:49
Order - 1597,GI - 000932,03/10/2024,12:30:21
Order - 1597,GI - 000933,03/10/2024,12:30:21
Order - 1597,GI - 000934,03/10/2024,12:30:21
Order - 1597,GI - 000935,03/10/2024,12:36:37
Order - 1597,GI - 000936,03/10/2024,12:36:37
Order - 1597,GI - 000937,03/10/2024,12:36:37
Order - 1691,GI - 000938,03/10/2024,13:19:15
Order - 1597,GI - 000939,08/10/2024,08:41:30
Order - 1597,GI - 000940,08/10/2024,08:41:30
Order - 1597,GI - 000941,08/10/2024,08:41:30
Order - 1719,GI - 000942,08/10/2024,13:20:58
Order - 0854,GI - 000943,09/10/2024,10:50:07
Order - 0854,GI - 000944,09/10/2024,10:50:07
Order - 0792,GI - 000945,09/10/2024,11:07:31
Order - 0792,GI - 000946,09/10/2024,11:07:31
Order - 1718,GI - 000947,09/10/2024,13:27:45
Order - 1736,GI - 000948,10/10/2024,15:26:18
Order - 1737,GI - 000949,10/10/2024,15:36:00
Order - 1738,GI - 000950,14/10/2024,09:54:08
Order - 1748,GI - 000951,15/10/2024,09:40:19
Order - 1749,GI - 000952,15/10/2024,09:46:06
Order - 1674,GI - 000953,16/10/2024,14:11:18
Order - 1670,GI - 000954,16/10/2024,14:22:24
Order - 1753,GI - 000955,16/10/2024,15:37:19
Order - 1665,GI - 000956,17/10/2024,08:21:47
Order - 1754,GI - 000957,17/10/2024,08:30:12
Order - 1755,GI - 000958,17/10/2024,08:39:21
Order - 0854,GI - 000959,17/10/2024,08:46:32
Order - 0854,GI - 000960,17/10/2024,08:46:32
Order - 0768,GI - 000961,17/10/2024,08:48:16
Order - 0768,GI - 000962,17/10/2024,08:48:16
Order - 0768,GI - 000963,17/10/2024,08:48:16
Order - 1756,GI - 000964,17/10/2024,11:48:13
Order - 1757,GI - 000965,17/10/2024,11:50:51
Order - 1669,GI - 000966,18/10/2024,09:15:35
Order - 1669,GI - 000967,18/10/2024,09:15:35
Order - 1765,GI - 000968,18/10/2024,11:01:49
Order - 1765,GI - 000969,18/10/2024,11:01:49
Order - 1766,GI - 000970,21/10/2024,13:43:36
Order - 1767,GI - 000971,22/10/2024,11:33:06
Order - 1768,GI - 000972,22/10/2024,11:41:48
Order - 1770,GI - 000973,22/10/2024,11:44:40
Order - 1754,GI - 000974,24/10/2024,10:49:49
Order - 1683,GI - 000975,24/10/2024,10:55:02
Order - 1805,GI - 000976,25/10/2024,11:47:49
Order - 1806,GI - 000977,25/10/2024,11:54:37
Order - 1811,GI - 000978,28/10/2024,12:47:02
Order - 1812,GI - 000979,28/10/2024,12:54:04
Order - 1814,GI - 000980,29/10/2024,09:19:16
Order - 1810,GI - 000981,29/10/2024,09:36:25
Order - 1810,GI - 000982,29/10/2024,09:36:25
Order - 1858,GI - 000983,04/11/2024,10:53:15
Order - 1859,GI - 000984,04/11/2024,10:56:31
Order - 1861,GI - 000985,05/11/2024,09:13:31
Order - 1878,GI - 000986,07/11/2024,12:42:13
Order - 0768,GI - 000987,08/11/2024,09:50:21
Order - 0768,GI - 000988,08/11/2024,09:50:21
Order - 1876,GI - 000989,12/11/2024,11:26:16
Order - 1876,GI - 000990,12/11/2024,11:26:16
Order - 1876,GI - 000991,12/11/2024,11:26:16
Order - 1876,GI - 000992,12/11/2024,11:26:16
Order - 1876,GI - 000993,12/11/2024,11:26:16
Order - 1876,GI - 000994,12/11/2024,11:26:16
Order - 1884,GI - 000995,12/11/2024,13:33:18
Order - 1885,GI - 000996,12/11/2024,13:36:23
Order - 1886,GI - 000997,12/11/2024,13:39:32
Order - 1863,GI - 000998,13/11/2024,11:47:11
Order - 1863,GI - 000999,13/11/2024,11:47:11
Order - 1863,GI - 001000,13/11/2024,11:47:11
Order - 1863,GI - 001001,13/11/2024,11:47:11
Order - 1902,GI - 001002,13/11/2024,11:59:20
Order - 1903,GI - 001003,13/11/2024,13:02:58
Order - 1906,GI - 001004,15/11/2024,11:31:34
Order - 1907,GI - 001005,15/11/2024,11:37:13
Order - 1915,GI - 001006,19/11/2024,10:01:40
Order - 1916,GI - 001007,19/11/2024,10:59:05
Order - 1917,GI - 001008,19/11/2024,11:08:21
Order - 1918,GI - 001009,19/11/2024,11:16:10
Order - 1919,GI - 001010,20/11/2024,10:55:26
Order - 1919,GI - 001011,20/11/2024,10:55:26
Order - 1921,GI - 001012,20/11/2024,11:56:50
Order - 1765,GI - 001013,21/11/2024,11:19:18
Order - 1765,GI - 001014,21/11/2024,11:19:18
Order - 1935,GI - 001015,21/11/2024,11:25:23
Order - 0768,GI - 001016,22/11/2024,10:50:37
Order - 0768,GI - 001017,22/11/2024,10:50:37
Order - 1669,GI - 001018,06/12/2024,09:04:07
Order - 1669,GI - 001019,06/12/2024,09:04:07
Order - 0768,GI - 001020,06/12/2024,09:12:53
Order - 0768,GI - 001021,06/12/2024,09:12:53
Order - 0768,GI - 001022,06/12/2024,09:12:53
Order - 1903,GI - 001023,10/12/2024,13:57:43
Order - 1935,GI - 001024,10/12/2024,14:01:21
Order - 0792,GI - 001025,18/12/2024,11:56:18
Order - 1876,GI - 001026,18/12/2024,12:17:34
Order - 1876,GI - 001027,18/12/2024,12:17:34
,,,
,,,
,,,
,,,
,,,
,,,
,,,
